REGION,TECHNOLOGY,YEAR,VALUE
"W","HYD",2019,16.624624
"W","HYD",2020,16.624624
"W","HYD",2021,16.624624
"W","HYD",2022,16.624624
"W","HYD",2023,16.624624
"W","HYD",2024,16.624624
"W","HYD",2025,17.724624
"W","HYD",2026,17.724624
"W","HYD",2027,17.724624
"W","HYD",2028,17.724624
"W","HYD",2029,17.724624
"W","HYD",2030,17.724624
"W","HYD",2031,17.724624
"W","HYD",2032,17.724624
"W","HYD",2033,17.724624
"W","HYD",2034,17.724624
"W","HYD",2035,17.724624
"W","HYD",2036,17.724624
"W","HYD",2037,17.724624
"W","HYD",2038,17.724624
"W","HYD",2039,17.724624
"W","HYD",2040,17.724624
"W","HYD",2041,17.724624
"W","HYD",2042,17.724624
"W","HYD",2043,17.724624
"W","HYD",2044,17.724624
"W","HYD",2045,17.724624
"W","HYD",2046,17.724624
"W","HYD",2047,17.724624
"W","HYD",2048,17.724624
"W","HYD",2049,17.724624
"W","HYD",2050,17.724624
"W","WN",2019,2.238349
"W","WN",2020,2.126432
"W","WN",2021,2.02011
"W","WN",2022,1.919104
"W","WN",2023,1.823149
"W","WN",2024,1.731992
"W","WN",2025,1.645392
"W","WN",2026,1.563123
"W","WN",2027,1.484966
"W","WN",2028,1.410718
"W","WN",2029,1.340182
"W","WN",2030,1.273173
"W","WN",2031,1.209514
"W","WN",2032,1.149039
"W","WN",2033,1.091587
"W","WN",2034,1.037007
"W","WN",2035,0.985157
"W","WN",2036,0.935899
"W","WN",2037,0.889104
"W","WN",2038,0.844649
"W","WN",2039,0.802417
"W","WN",2040,0.762296
"W","WN",2041,0.724181
"W","WN",2042,0.687972
"W","WN",2043,0.653573
"W","WN",2044,0.620895
"W","WN",2045,0.58985
"W","WN",2046,0.560357
"W","WN",2047,0.53234
"W","WN",2048,0.505723
"W","WN",2049,0.480436
"W","WN",2050,0.456415
"W","BIO",2019,0
"W","BIO",2020,0
"W","BIO",2021,0
"W","BIO",2022,0
"W","BIO",2023,0
"W","BIO",2024,0
"W","BIO",2025,0
"W","BIO",2026,0
"W","BIO",2027,0
"W","BIO",2028,0
"W","BIO",2029,0
"W","BIO",2030,0
"W","BIO",2031,0
"W","BIO",2032,0
"W","BIO",2033,0
"W","BIO",2034,0
"W","BIO",2035,0
"W","BIO",2036,0
"W","BIO",2037,0
"W","BIO",2038,0
"W","BIO",2039,0
"W","BIO",2040,0
"W","BIO",2041,0
"W","BIO",2042,0
"W","BIO",2043,0
"W","BIO",2044,0
"W","BIO",2045,0
"W","BIO",2046,0
"W","BIO",2047,0
"W","BIO",2048,0
"W","BIO",2049,0
"W","BIO",2050,0
"W","GS",2019,0.444305
"W","GS",2020,0.426533
"W","GS",2021,5.98004176726168
"W","GS",2022,5.96366376726168
"W","GS",2023,5.94793976726168
"W","GS",2024,5.93284476726168
"W","GS",2025,5.91835376726168
"W","GS",2026,5.90444276726168
"W","GS",2027,5.89108776726168
"W","GS",2028,5.93321216410745
"W","GS",2029,5.95455302144754
"W","GS",2030,6.00116027202117
"W","GS",2031,6.38179512138831
"W","GS",2032,6.72344282422516
"W","GS",2033,7.00017234276076
"W","GS",2034,6.99013734276076
"W","GS",2035,6.98050334276076
"W","GS",2036,6.97125434276076
"W","GS",2037,6.96237534276076
"W","GS",2038,6.95385234276076
"W","GS",2039,7.43204241864866
"W","GS",2040,7.53221598776854
"W","GS",2041,7.55964071503477
"W","GS",2042,8.40945249210634
"W","GS",2043,8.40250249210634
"W","GS",2044,8.47386351435415
"W","GS",2045,9.29398324476679
"W","GS",2046,9.40593556861136
"W","GS",2047,9.47580254099941
"W","GS",2048,9.47013654099941
"W","GS",2049,9.46469554099941
"W","GS",2050,9.52611559895314
"W","CL",2019,13.751573
"W","CL",2020,13.407784
"W","CL",2021,13.072589
"W","CL",2022,12.745774
"W","CL",2023,12.42713
"W","CL",2024,12.116452
"W","CL",2025,11.81354
"W","CL",2026,11.518202
"W","CL",2027,11.230247
"W","CL",2028,10.949491
"W","CL",2029,10.675753
"W","CL",2030,10.40886
"W","CL",2031,10.148638
"W","CL",2032,9.894922
"W","CL",2033,9.647549
"W","CL",2034,9.40636
"W","CL",2035,9.171201
"W","CL",2036,8.941921
"W","CL",2037,8.718373
"W","CL",2038,8.500414
"W","CL",2039,8.287904
"W","CL",2040,8.080706
"W","CL",2041,7.878688
"W","CL",2042,7.681721
"W","CL",2043,7.489678
"W","CL",2044,7.302436
"W","CL",2045,7.119875
"W","CL",2046,6.941878
"W","CL",2047,6.768331
"W","CL",2048,6.599123
"W","CL",2049,6.434145
"W","CL",2050,6.273291
"W","OI",2019,0
"W","OI",2020,0
"W","OI",2021,0
"W","OI",2022,0
"W","OI",2023,0
"W","OI",2024,0
"W","OI",2025,0
"W","OI",2026,0
"W","OI",2027,0
"W","OI",2028,0
"W","OI",2029,0
"W","OI",2030,0
"W","OI",2031,0
"W","OI",2032,0
"W","OI",2033,0
"W","OI",2034,0
"W","OI",2035,0
"W","OI",2036,0
"W","OI",2037,0
"W","OI",2038,0
"W","OI",2039,0
"W","OI",2040,0
"W","OI",2041,0
"W","OI",2042,0
"W","OI",2043,0
"W","OI",2044,0
"W","OI",2045,0
"W","OI",2046,0
"W","OI",2047,0
"W","OI",2048,0
"W","OI",2049,0
"W","OI",2050,0
"W","PV",2019,0.00195
"W","PV",2020,0.00185
"W","PV",2021,14.324337329669
"W","PV",2022,15.4606490052285
"W","PV",2023,16.9079188380999
"W","PV",2024,17.5854711819864
"W","PV",2025,17.5853911819864
"W","PV",2026,19.7056180151999
"W","PV",2027,21.2295466478996
"W","PV",2028,22.3726571587665
"W","PV",2029,23.7037807180904
"W","PV",2030,25.633107666988
"W","PV",2031,25.633047666988
"W","PV",2032,25.632997666988
"W","PV",2033,25.632948666988
"W","PV",2034,26.4328475465768
"W","PV",2035,27.8896488008805
"W","PV",2036,28.7555917982423
"W","PV",2037,29.1244753197942
"W","PV",2038,29.6611321620028
"W","PV",2039,30.0535111126712
"W","PV",2040,30.4355246605118
"W","PV",2041,30.980657231175
"W","PV",2042,31.3597561781969
"W","PV",2043,31.9446383803468
"W","PV",2044,32.385357655446
"W","PV",2045,33.2019784437703
"W","PV",2046,33.5847461942485
"W","PV",2047,34.0428988906192
"W","PV",2048,35.1397298518453
"W","PV",2049,36.3000096140137
"W","PV",2050,36.7856904773564
"W","NUC",2019,0
"W","NUC",2020,0
"W","NUC",2021,0
"W","NUC",2022,0
"W","NUC",2023,0
"W","NUC",2024,0
"W","NUC",2025,0
"W","NUC",2026,0
"W","NUC",2027,0
"W","NUC",2028,0
"W","NUC",2029,0
"W","NUC",2030,0
"W","NUC",2031,0
"W","NUC",2032,0
"W","NUC",2033,0
"W","NUC",2034,0
"W","NUC",2035,0
"W","NUC",2036,0
"W","NUC",2037,0
"W","NUC",2038,0
"W","NUC",2039,0
"W","NUC",2040,0
"W","NUC",2041,0
"W","NUC",2042,0
"W","NUC",2043,0
"W","NUC",2044,0
"W","NUC",2045,0
"W","NUC",2046,0
"W","NUC",2047,0
"W","NUC",2048,0
"W","NUC",2049,0
"W","NUC",2050,0
"W","FC",2019,0
"W","FC",2020,0
"W","FC",2021,0
"W","FC",2022,0
"W","FC",2023,0
"W","FC",2024,0
"W","FC",2025,0
"W","FC",2026,0
"W","FC",2027,0
"W","FC",2028,0
"W","FC",2029,0
"W","FC",2030,0
"W","FC",2031,0
"W","FC",2032,0
"W","FC",2033,0
"W","FC",2034,0
"W","FC",2035,0
"W","FC",2036,0
"W","FC",2037,0
"W","FC",2038,0
"W","FC",2039,0
"W","FC",2040,0
"W","FC",2041,0
"W","FC",2042,0
"W","FC",2043,0
"W","FC",2044,0
"W","FC",2045,0
"W","FC",2046,0
"W","FC",2047,0
"W","FC",2048,0
"W","FC",2049,0
"W","FC",2050,0
"W","P2G",2019,0
"W","P2G",2020,0
"W","P2G",2021,0
"W","P2G",2022,0
"W","P2G",2023,0
"W","P2G",2024,0
"W","P2G",2025,0
"W","P2G",2026,0
"W","P2G",2027,0
"W","P2G",2028,0
"W","P2G",2029,0
"W","P2G",2030,0
"W","P2G",2031,0
"W","P2G",2032,0
"W","P2G",2033,0
"W","P2G",2034,0
"W","P2G",2035,0
"W","P2G",2036,0
"W","P2G",2037,0
"W","P2G",2038,0
"W","P2G",2039,0
"W","P2G",2040,0
"W","P2G",2041,0
"W","P2G",2042,0
"W","P2G",2043,0
"W","P2G",2044,0
"W","P2G",2045,0
"W","P2G",2046,0
"W","P2G",2047,0
"W","P2G",2048,0
"W","P2G",2049,0
"W","P2G",2050,0
"W","MIN_HYD",2019,289.188663990705
"W","MIN_HYD",2020,524.274142464
"W","MIN_HYD",2021,418.432319913326
"W","MIN_HYD",2022,428.100953662553
"W","MIN_HYD",2023,439.800245462629
"W","MIN_HYD",2024,437.481616108568
"W","MIN_HYD",2025,463.584091968261
"W","MIN_HYD",2026,479.213516742869
"W","MIN_HYD",2027,489.878780092163
"W","MIN_HYD",2028,497.447901821528
"W","MIN_HYD",2029,505.586222238266
"W","MIN_HYD",2030,515.599350181582
"W","MIN_HYD",2031,517.307016892319
"W","MIN_HYD",2032,518.838016792297
"W","MIN_HYD",2033,520.06709449261
"W","MIN_HYD",2034,507.755812220669
"W","MIN_HYD",2035,500.661332733447
"W","MIN_HYD",2036,489.266842611473
"W","MIN_HYD",2037,514.17898746209
"W","MIN_HYD",2038,476.498348567552
"W","MIN_HYD",2039,520.41028284276
"W","MIN_HYD",2040,505.690893715858
"W","MIN_HYD",2041,501.45510245764
"W","MIN_HYD",2042,526.201928051863
"W","MIN_HYD",2043,494.956179207725
"W","MIN_HYD",2044,558.963742464
"W","MIN_HYD",2045,557.769002105447
"W","MIN_HYD",2046,532.625243424454
"W","MIN_HYD",2047,557.217610572705
"W","MIN_HYD",2048,444.827584051447
"W","MIN_HYD",2049,556.559752402518
"W","MIN_HYD",2050,558.963742464
"W","MIN_WN",2019,38.3854302905966
"W","MIN_WN",2020,36.4661664931134
"W","MIN_WN",2021,34.6428513088607
"W","MIN_WN",2022,32.9107001689214
"W","MIN_WN",2023,31.2651685902738
"W","MIN_WN",2024,29.7019178778068
"W","MIN_WN",2025,28.2168151243194
"W","MIN_WN",2026,26.805984657499
"W","MIN_WN",2027,25.4656708479804
"W","MIN_WN",2028,24.1923924502791
"W","MIN_WN",2029,22.9827711128659
"W","MIN_WN",2030,21.8336342721219
"W","MIN_WN",2031,20.7419465563684
"W","MIN_WN",2032,19.7048612328447
"W","MIN_WN",2033,18.7196173137529
"W","MIN_WN",2034,17.7836253012201
"W","MIN_WN",2035,16.8944500383065
"W","MIN_WN",2036,16.0497249640423
"W","MIN_WN",2037,15.2472378583905
"W","MIN_WN",2038,14.4848793952695
"W","MIN_WN",2039,13.7606431425527
"W","MIN_WN",2040,13.0726084130762
"W","MIN_WN",2041,12.4189745626238
"W","MIN_WN",2042,11.7980266919423
"W","MIN_WN",2043,11.2081184977482
"W","MIN_WN",2044,10.6477237197059
"W","MIN_WN",2045,10.1153332464725
"W","MIN_WN",2046,9.60955800965257
"W","MIN_WN",2047,9.1290946858136
"W","MIN_WN",2048,8.67263995152292
"W","MIN_WN",2049,8.23899337730312
"W","MIN_WN",2050,7.82705742763199
"W","MIN_BIO",2019,0
"W","MIN_BIO",2020,0
"W","MIN_BIO",2021,0
"W","MIN_BIO",2022,0
"W","MIN_BIO",2023,0
"W","MIN_BIO",2024,0
"W","MIN_BIO",2025,0
"W","MIN_BIO",2026,0
"W","MIN_BIO",2027,0
"W","MIN_BIO",2028,0
"W","MIN_BIO",2029,0
"W","MIN_BIO",2030,0
"W","MIN_BIO",2031,0
"W","MIN_BIO",2032,0
"W","MIN_BIO",2033,0
"W","MIN_BIO",2034,0
"W","MIN_BIO",2035,0
"W","MIN_BIO",2036,0
"W","MIN_BIO",2037,0
"W","MIN_BIO",2038,0
"W","MIN_BIO",2039,0
"W","MIN_BIO",2040,0
"W","MIN_BIO",2041,0
"W","MIN_BIO",2042,0
"W","MIN_BIO",2043,0
"W","MIN_BIO",2044,0
"W","MIN_BIO",2045,0
"W","MIN_BIO",2046,0
"W","MIN_BIO",2047,0
"W","MIN_BIO",2048,0
"W","MIN_BIO",2049,0
"W","MIN_BIO",2050,0
"W","MIN_GS",2019,122.21770387132
"W","MIN_GS",2020,116.650248329893
"W","MIN_GS",2021,1625.93302367536
"W","MIN_GS",2022,1611.98913274554
"W","MIN_GS",2023,1598.27310749448
"W","MIN_GS",2024,1584.77514770997
"W","MIN_GS",2025,1571.48561232224
"W","MIN_GS",2026,1558.39528283742
"W","MIN_GS",2027,1545.49509421195
"W","MIN_GS",2028,1547.10384105984
"W","MIN_GS",2029,1543.19221314978
"W","MIN_GS",2030,1545.72053158937
"W","MIN_GS",2031,1643.76075631862
"W","MIN_GS",2032,1731.75905079967
"W","MIN_GS",2033,1803.03635037314
"W","MIN_GS",2034,1800.45163261334
"W","MIN_GS",2035,1797.97020053582
"W","MIN_GS",2036,1795.5879330161
"W","MIN_GS",2037,1793.30096649998
"W","MIN_GS",2038,1791.10569500354
"W","MIN_GS",2039,1914.27324674321
"W","MIN_GS",2040,1940.07498099002
"W","MIN_GS",2041,1947.13877567091
"W","MIN_GS",2042,2166.02503303853
"W","MIN_GS",2043,2164.23491959253
"W","MIN_GS",2044,2182.61539807398
"W","MIN_GS",2045,2393.85386666989
"W","MIN_GS",2046,2422.68945806919
"W","MIN_GS",2047,2440.68511370993
"W","MIN_GS",2048,2439.22572050345
"W","MIN_GS",2049,2437.82428060997
"W","MIN_GS",2050,2453.64426213473
"W","MIN_CL",2019,3810.71678178566
"W","MIN_CL",2020,3713.63683295348
"W","MIN_CL",2021,0
"W","MIN_CL",2022,0
"W","MIN_CL",2023,0
"W","MIN_CL",2024,293.406216423205
"W","MIN_CL",2025,0
"W","MIN_CL",2026,0
"W","MIN_CL",2027,0
"W","MIN_CL",2028,0
"W","MIN_CL",2029,0
"W","MIN_CL",2030,0
"W","MIN_CL",2031,0
"W","MIN_CL",2032,0
"W","MIN_CL",2033,0
"W","MIN_CL",2034,178.430809464952
"W","MIN_CL",2035,327.267809592177
"W","MIN_CL",2036,513.233851129195
"W","MIN_CL",2037,1019.85011397584
"W","MIN_CL",2038,1144.91113546657
"W","MIN_CL",2039,1040.60741228626
"W","MIN_CL",2040,927.507745068825
"W","MIN_CL",2041,707.719208095685
"W","MIN_CL",2042,367.319320960371
"W","MIN_CL",2043,728.500532104054
"W","MIN_CL",2044,2012.73129362304
"W","MIN_CL",2045,1029.71100035952
"W","MIN_CL",2046,408.113964682366
"W","MIN_CL",2047,1865.51879527584
"W","MIN_CL",2048,1818.88090119072
"W","MIN_CL",2049,1773.4088993328
"W","MIN_CL",2050,1729.07357349024
"W","MIN_OI",2019,0
"W","MIN_OI",2020,0
"W","MIN_OI",2021,0
"W","MIN_OI",2022,0
"W","MIN_OI",2023,0
"W","MIN_OI",2024,0
"W","MIN_OI",2025,0
"W","MIN_OI",2026,0
"W","MIN_OI",2027,0
"W","MIN_OI",2028,0
"W","MIN_OI",2029,0
"W","MIN_OI",2030,0
"W","MIN_OI",2031,0
"W","MIN_OI",2032,0
"W","MIN_OI",2033,0
"W","MIN_OI",2034,0
"W","MIN_OI",2035,0
"W","MIN_OI",2036,0
"W","MIN_OI",2037,0
"W","MIN_OI",2038,0
"W","MIN_OI",2039,0
"W","MIN_OI",2040,0
"W","MIN_OI",2041,0
"W","MIN_OI",2042,0
"W","MIN_OI",2043,0
"W","MIN_OI",2044,0
"W","MIN_OI",2045,0
"W","MIN_OI",2046,0
"W","MIN_OI",2047,0
"W","MIN_OI",2048,0
"W","MIN_OI",2049,0
"W","MIN_OI",2050,0
"W","MIN_PV",2019,0.0447894878237352
"W","MIN_PV",2020,0.0424925910122616
"W","MIN_PV",2021,329.015247389889
"W","MIN_PV",2022,355.115154034217
"W","MIN_PV",2023,388.357448678861
"W","MIN_PV",2024,403.920126861654
"W","MIN_PV",2025,403.918289344205
"W","MIN_PV",2026,452.617711872293
"W","MIN_PV",2027,487.620780045906
"W","MIN_PV",2028,513.876848921629
"W","MIN_PV",2029,544.451383512512
"W","MIN_PV",2030,588.766032684642
"W","MIN_PV",2031,588.764654546555
"W","MIN_PV",2032,588.763506098149
"W","MIN_PV",2033,588.762380618712
"W","MIN_PV",2034,607.135232478999
"W","MIN_PV",2035,640.59645403861
"W","MIN_PV",2036,660.486271134191
"W","MIN_PV",2037,668.959144978769
"W","MIN_PV",2038,681.285598876013
"W","MIN_PV",2039,690.29813848281
"W","MIN_PV",2040,699.072595482556
"W","MIN_PV",2041,711.593728116424
"W","MIN_PV",2042,719.925143705368
"W","MIN_PV",2043,728.608386722281
"W","MIN_PV",2044,737.272877205857
"W","MIN_PV",2045,746.633890791384
"W","MIN_PV",2046,755.241431311688
"W","MIN_PV",2047,763.834124334027
"W","MIN_PV",2048,772.412734164365
"W","MIN_PV",2049,780.977965161805
"W","MIN_PV",2050,789.530460920116
"W","MIN_NUC",2019,0
"W","MIN_NUC",2020,0
"W","MIN_NUC",2021,0
"W","MIN_NUC",2022,0
"W","MIN_NUC",2023,0
"W","MIN_NUC",2024,0
"W","MIN_NUC",2025,0
"W","MIN_NUC",2026,0
"W","MIN_NUC",2027,0
"W","MIN_NUC",2028,0
"W","MIN_NUC",2029,0
"W","MIN_NUC",2030,0
"W","MIN_NUC",2031,0
"W","MIN_NUC",2032,0
"W","MIN_NUC",2033,0
"W","MIN_NUC",2034,0
"W","MIN_NUC",2035,0
"W","MIN_NUC",2036,0
"W","MIN_NUC",2037,0
"W","MIN_NUC",2038,0
"W","MIN_NUC",2039,0
"W","MIN_NUC",2040,0
"W","MIN_NUC",2041,0
"W","MIN_NUC",2042,0
"W","MIN_NUC",2043,0
"W","MIN_NUC",2044,0
"W","MIN_NUC",2045,0
"W","MIN_NUC",2046,0
"W","MIN_NUC",2047,0
"W","MIN_NUC",2048,0
"W","MIN_NUC",2049,0
"W","MIN_NUC",2050,0
"MW","HYD",2019,6.32878
"MW","HYD",2020,6.32878
"MW","HYD",2021,6.32878
"MW","HYD",2022,6.32878
"MW","HYD",2023,6.32878
"MW","HYD",2024,6.32878
"MW","HYD",2025,6.32878
"MW","HYD",2026,6.32878
"MW","HYD",2027,6.32878
"MW","HYD",2028,6.32878
"MW","HYD",2029,6.32878
"MW","HYD",2030,6.32878
"MW","HYD",2031,6.32878
"MW","HYD",2032,6.32878
"MW","HYD",2033,6.32878
"MW","HYD",2034,6.32878
"MW","HYD",2035,6.32878
"MW","HYD",2036,6.32878
"MW","HYD",2037,6.32878
"MW","HYD",2038,6.32878
"MW","HYD",2039,6.32878
"MW","HYD",2040,6.32878
"MW","HYD",2041,6.32878
"MW","HYD",2042,6.32878
"MW","HYD",2043,6.32878
"MW","HYD",2044,6.32878
"MW","HYD",2045,6.32878
"MW","HYD",2046,6.32878
"MW","HYD",2047,6.32878
"MW","HYD",2048,6.32878
"MW","HYD",2049,6.32878
"MW","HYD",2050,6.32878
"MW","WN",2019,0.47903
"MW","WN",2020,0.455079
"MW","WN",2021,0.432325
"MW","WN",2022,0.410708
"MW","WN",2023,0.390173
"MW","WN",2024,0.370664
"MW","WN",2025,0.352131
"MW","WN",2026,0.334525
"MW","WN",2027,0.317798
"MW","WN",2028,0.301908
"MW","WN",2029,0.286813
"MW","WN",2030,0.272472
"MW","WN",2031,0.258849
"MW","WN",2032,0.245906
"MW","WN",2033,0.233611
"MW","WN",2034,0.22193
"MW","WN",2035,0.210834
"MW","WN",2036,0.200292
"MW","WN",2037,0.190278
"MW","WN",2038,0.180764
"MW","WN",2039,0.171726
"MW","WN",2040,0.163139
"MW","WN",2041,0.154982
"MW","WN",2042,0.147233
"MW","WN",2043,0.139872
"MW","WN",2044,0.132878
"MW","WN",2045,0.126234
"MW","WN",2046,0.119922
"MW","WN",2047,0.113926
"MW","WN",2048,0.10823
"MW","WN",2049,0.102818
"MW","WN",2050,0.0977
"MW","BIO",2019,0
"MW","BIO",2020,0
"MW","BIO",2021,0
"MW","BIO",2022,0
"MW","BIO",2023,0
"MW","BIO",2024,0
"MW","BIO",2025,0
"MW","BIO",2026,0
"MW","BIO",2027,0
"MW","BIO",2028,0
"MW","BIO",2029,0
"MW","BIO",2030,0
"MW","BIO",2031,0
"MW","BIO",2032,0
"MW","BIO",2033,0
"MW","BIO",2034,0
"MW","BIO",2035,0
"MW","BIO",2036,0
"MW","BIO",2037,0
"MW","BIO",2038,0
"MW","BIO",2039,0
"MW","BIO",2040,0
"MW","BIO",2041,0
"MW","BIO",2042,0
"MW","BIO",2043,0
"MW","BIO",2044,0
"MW","BIO",2045,0
"MW","BIO",2046,0
"MW","BIO",2047,0
"MW","BIO",2048,0
"MW","BIO",2049,0
"MW","BIO",2050,0
"MW","GS",2019,0.026312
"MW","GS",2020,0.0253
"MW","GS",2021,0.0242
"MW","GS",2022,4.09884797996229
"MW","GS",2023,4.09784797996229
"MW","GS",2024,4.09704797996229
"MW","GS",2025,4.09614797996229
"MW","GS",2026,4.09534797996229
"MW","GS",2027,4.09454797996229
"MW","GS",2028,4.09374797996229
"MW","GS",2029,4.09304797996229
"MW","GS",2030,4.09234797996229
"MW","GS",2031,4.09164797996229
"MW","GS",2032,4.09104797996229
"MW","GS",2033,4.09044797996229
"MW","GS",2034,4.08984797996229
"MW","GS",2035,4.08924797996229
"MW","GS",2036,4.08864797996229
"MW","GS",2037,4.08814797996229
"MW","GS",2038,4.08764797996229
"MW","GS",2039,4.08714797996229
"MW","GS",2040,4.08674797996229
"MW","GS",2041,4.08624797996229
"MW","GS",2042,4.08584797996229
"MW","GS",2043,4.08542797996229
"MW","GS",2044,4.08502797996229
"MW","GS",2045,4.08464797996229
"MW","GS",2046,4.08428797996229
"MW","GS",2047,1.97941189133915
"MW","GS",2048,1.99120712799878
"MW","GS",2049,1.99088712799878
"MW","GS",2050,2.22670056200532
"MW","CL",2019,4.09585
"MW","CL",2020,3.993454
"MW","CL",2021,3.893617
"MW","CL",2022,3.796277
"MW","CL",2023,3.70137
"MW","CL",2024,3.608836
"MW","CL",2025,3.518615
"MW","CL",2026,3.43065
"MW","CL",2027,3.344883
"MW","CL",2028,3.261261
"MW","CL",2029,3.17973
"MW","CL",2030,3.100236
"MW","CL",2031,3.022731
"MW","CL",2032,2.947162
"MW","CL",2033,2.873483
"MW","CL",2034,2.801646
"MW","CL",2035,2.731605
"MW","CL",2036,2.663315
"MW","CL",2037,2.596732
"MW","CL",2038,2.531814
"MW","CL",2039,2.468518
"MW","CL",2040,2.406805
"MW","CL",2041,2.346635
"MW","CL",2042,2.287969
"MW","CL",2043,2.23077
"MW","CL",2044,2.175001
"MW","CL",2045,2.120626
"MW","CL",2046,2.06761
"MW","CL",2047,2.01592
"MW","CL",2048,1.965522
"MW","CL",2049,1.916384
"MW","CL",2050,1.868474
"MW","OI",2019,0
"MW","OI",2020,0
"MW","OI",2021,0
"MW","OI",2022,0
"MW","OI",2023,0
"MW","OI",2024,0
"MW","OI",2025,0
"MW","OI",2026,0
"MW","OI",2027,0
"MW","OI",2028,0
"MW","OI",2029,0
"MW","OI",2030,0
"MW","OI",2031,0
"MW","OI",2032,0
"MW","OI",2033,0
"MW","OI",2034,0
"MW","OI",2035,0
"MW","OI",2036,0
"MW","OI",2037,0
"MW","OI",2038,0
"MW","OI",2039,0
"MW","OI",2040,0
"MW","OI",2041,0
"MW","OI",2042,0
"MW","OI",2043,0
"MW","OI",2044,0
"MW","OI",2045,0
"MW","OI",2046,0
"MW","OI",2047,0
"MW","OI",2048,0
"MW","OI",2049,0
"MW","OI",2050,0
"MW","PV",2019,0
"MW","PV",2020,0
"MW","PV",2021,0
"MW","PV",2022,0
"MW","PV",2023,0
"MW","PV",2024,0
"MW","PV",2025,1.19296413928526
"MW","PV",2026,1.45701147932139
"MW","PV",2027,1.69001579084601
"MW","PV",2028,1.88331753239267
"MW","PV",2029,2.07158982178709
"MW","PV",2030,2.26991634367979
"MW","PV",2031,2.46087542560564
"MW","PV",2032,2.62226113876366
"MW","PV",2033,2.78955298265132
"MW","PV",2034,2.94678322812405
"MW","PV",2035,3.10713781731917
"MW","PV",2036,3.24880973770788
"MW","PV",2037,3.40030584831472
"MW","PV",2038,3.5628591197395
"MW","PV",2039,3.75788121797631
"MW","PV",2040,3.95408587468951
"MW","PV",2041,4.39048392805141
"MW","PV",2042,4.6715211424241
"MW","PV",2043,4.9774964594178
"MW","PV",2044,5.35059681211373
"MW","PV",2045,5.77976208045296
"MW","PV",2046,6.21860622293708
"MW","PV",2047,9.92603146822514
"MW","PV",2048,9.98615746857206
"MW","PV",2049,10.0809310550296
"MW","PV",2050,10.140318243136
"MW","NUC",2019,0
"MW","NUC",2020,0
"MW","NUC",2021,0
"MW","NUC",2022,0
"MW","NUC",2023,0
"MW","NUC",2024,0
"MW","NUC",2025,0
"MW","NUC",2026,0
"MW","NUC",2027,0
"MW","NUC",2028,0
"MW","NUC",2029,0
"MW","NUC",2030,0
"MW","NUC",2031,0
"MW","NUC",2032,0
"MW","NUC",2033,0
"MW","NUC",2034,0
"MW","NUC",2035,0
"MW","NUC",2036,0
"MW","NUC",2037,0
"MW","NUC",2038,0
"MW","NUC",2039,0
"MW","NUC",2040,0
"MW","NUC",2041,0
"MW","NUC",2042,0
"MW","NUC",2043,0
"MW","NUC",2044,0
"MW","NUC",2045,0
"MW","NUC",2046,0
"MW","NUC",2047,0
"MW","NUC",2048,0
"MW","NUC",2049,0
"MW","NUC",2050,0
"MW","FC",2019,0
"MW","FC",2020,0
"MW","FC",2021,0
"MW","FC",2022,0
"MW","FC",2023,0
"MW","FC",2024,0
"MW","FC",2025,0
"MW","FC",2026,0
"MW","FC",2027,0
"MW","FC",2028,0
"MW","FC",2029,0
"MW","FC",2030,0
"MW","FC",2031,0
"MW","FC",2032,0
"MW","FC",2033,0
"MW","FC",2034,0
"MW","FC",2035,0
"MW","FC",2036,0
"MW","FC",2037,0
"MW","FC",2038,0
"MW","FC",2039,0
"MW","FC",2040,0
"MW","FC",2041,0
"MW","FC",2042,0
"MW","FC",2043,0
"MW","FC",2044,0
"MW","FC",2045,0
"MW","FC",2046,0
"MW","FC",2047,0
"MW","FC",2048,0
"MW","FC",2049,0
"MW","FC",2050,0
"MW","P2G",2019,0
"MW","P2G",2020,0
"MW","P2G",2021,0
"MW","P2G",2022,0
"MW","P2G",2023,0
"MW","P2G",2024,0
"MW","P2G",2025,0
"MW","P2G",2026,0
"MW","P2G",2027,0
"MW","P2G",2028,0
"MW","P2G",2029,0
"MW","P2G",2030,0
"MW","P2G",2031,0
"MW","P2G",2032,0
"MW","P2G",2033,0
"MW","P2G",2034,0
"MW","P2G",2035,0
"MW","P2G",2036,0
"MW","P2G",2037,0
"MW","P2G",2038,0
"MW","P2G",2039,0
"MW","P2G",2040,0
"MW","P2G",2041,0
"MW","P2G",2042,0
"MW","P2G",2043,0
"MW","P2G",2044,0
"MW","P2G",2045,0
"MW","P2G",2046,0
"MW","P2G",2047,0
"MW","P2G",2048,0
"MW","P2G",2049,0
"MW","P2G",2050,0
"MW","MIN_HYD",2019,48.6019843273958
"MW","MIN_HYD",2020,54.3207199624272
"MW","MIN_HYD",2021,60.1382023343646
"MW","MIN_HYD",2022,52.2563113489172
"MW","MIN_HYD",2023,49.5126515966642
"MW","MIN_HYD",2024,51.3047861385343
"MW","MIN_HYD",2025,71.9733160515761
"MW","MIN_HYD",2026,73.6947297247136
"MW","MIN_HYD",2027,75.2068684906981
"MW","MIN_HYD",2028,76.4497671747924
"MW","MIN_HYD",2029,77.6626997440011
"MW","MIN_HYD",2030,78.9491531886819
"MW","MIN_HYD",2031,80.1887547966657
"MW","MIN_HYD",2032,81.2284520977836
"MW","MIN_HYD",2033,82.3124710376092
"MW","MIN_HYD",2034,83.3304791792103
"MW","MIN_HYD",2035,84.4853253015593
"MW","MIN_HYD",2036,85.503106002386
"MW","MIN_HYD",2037,86.5895719493007
"MW","MIN_HYD",2038,87.6926115258646
"MW","MIN_HYD",2039,88.8788016375958
"MW","MIN_HYD",2040,89.9466461846383
"MW","MIN_HYD",2041,92.2694764940705
"MW","MIN_HYD",2042,93.5604483479417
"MW","MIN_HYD",2043,94.8476964230221
"MW","MIN_HYD",2044,96.1303176912566
"MW","MIN_HYD",2045,97.4085000685577
"MW","MIN_HYD",2046,97.5138020311766
"MW","MIN_HYD",2047,96.1100548911753
"MW","MIN_HYD",2048,98.6215410313736
"MW","MIN_HYD",2049,101.434010157095
"MW","MIN_HYD",2050,97.5024676357227
"MW","MIN_WN",2019,9.46500302325219
"MW","MIN_WN",2020,8.99176275143224
"MW","MIN_WN",2021,8.54217362592636
"MW","MIN_WN",2022,8.11505012561606
"MW","MIN_WN",2023,7.70930552280938
"MW","MIN_WN",2024,7.32383333112906
"MW","MIN_WN",2025,6.95764561630966
"MW","MIN_WN",2026,6.6097742027711
"MW","MIN_WN",2027,6.27927067361856
"MW","MIN_WN",2028,5.9653051640691
"MW","MIN_WN",2029,5.66704780933977
"MW","MIN_WN",2030,5.38368850333293
"MW","MIN_WN",2031,5.11451593337746
"MW","MIN_WN",2032,4.85877926943167
"MW","MIN_WN",2033,4.61584623356568
"MW","MIN_WN",2034,4.38504503047901
"MW","MIN_WN",2035,4.16580265829771
"MW","MIN_WN",2036,3.95750659777723
"MW","MIN_WN",2037,3.75964312309956
"MW","MIN_WN",2038,3.57165899107605
"MW","MIN_WN",2039,3.39307999325931
"MW","MIN_WN",2040,3.22341216251663
"MW","MIN_WN",2041,3.06224056645653
"MW","MIN_WN",2042,2.90913051400223
"MW","MIN_WN",2043,2.76368683144757
"MW","MIN_WN",2044,2.62549458640107
"MW","MIN_WN",2045,2.49421788121249
"MW","MIN_WN",2046,2.36950105954627
"MW","MIN_WN",2047,2.25102798243749
"MW","MIN_WN",2048,2.13848251092121
"MW","MIN_WN",2049,2.03154850603249
"MW","MIN_WN",2050,1.93042355462443
"MW","MIN_BIO",2019,0
"MW","MIN_BIO",2020,0
"MW","MIN_BIO",2021,0
"MW","MIN_BIO",2022,0
"MW","MIN_BIO",2023,0
"MW","MIN_BIO",2024,0
"MW","MIN_BIO",2025,0
"MW","MIN_BIO",2026,0
"MW","MIN_BIO",2027,0
"MW","MIN_BIO",2028,0
"MW","MIN_BIO",2029,0
"MW","MIN_BIO",2030,0
"MW","MIN_BIO",2031,0
"MW","MIN_BIO",2032,0
"MW","MIN_BIO",2033,0
"MW","MIN_BIO",2034,0
"MW","MIN_BIO",2035,0
"MW","MIN_BIO",2036,0
"MW","MIN_BIO",2037,0
"MW","MIN_BIO",2038,0
"MW","MIN_BIO",2039,0
"MW","MIN_BIO",2040,0
"MW","MIN_BIO",2041,0
"MW","MIN_BIO",2042,0
"MW","MIN_BIO",2043,0
"MW","MIN_BIO",2044,0
"MW","MIN_BIO",2045,0
"MW","MIN_BIO",2046,0
"MW","MIN_BIO",2047,0
"MW","MIN_BIO",2048,0
"MW","MIN_BIO",2049,0
"MW","MIN_BIO",2050,0
"MW","MIN_GS",2019,7.23780336539577
"MW","MIN_GS",2020,6.91916283791945
"MW","MIN_GS",2021,6.57981678127331
"MW","MIN_GS",2022,1107.9260431728
"MW","MIN_GS",2023,1101.13425509511
"MW","MIN_GS",2024,1094.39907368694
"MW","MIN_GS",2025,1087.63988595292
"MW","MIN_GS",2026,1080.90995630242
"MW","MIN_GS",2027,1074.18257307489
"MW","MIN_GS",2028,1067.45773603789
"MW","MIN_GS",2029,1060.76136159599
"MW","MIN_GS",2030,1054.06721505632
"MW","MIN_GS",2031,1053.88691586032
"MW","MIN_GS",2032,1053.73237369232
"MW","MIN_GS",2033,1053.57783152432
"MW","MIN_GS",2034,1053.42328935632
"MW","MIN_GS",2035,1053.26874718832
"MW","MIN_GS",2036,1053.11420502032
"MW","MIN_GS",2037,1052.98541988032
"MW","MIN_GS",2038,1052.85663474032
"MW","MIN_GS",2039,1052.72784960032
"MW","MIN_GS",2040,1052.62482148832
"MW","MIN_GS",2041,1052.49603634832
"MW","MIN_GS",2042,1052.39300823632
"MW","MIN_GS",2043,1052.28482871872
"MW","MIN_GS",2044,1052.18180060672
"MW","MIN_GS",2045,1052.08392390032
"MW","MIN_GS",2046,1051.99119859952
"MW","MIN_GS",2047,509.837675087554
"MW","MIN_GS",2048,512.875777496641
"MW","MIN_GS",2049,512.793355007041
"MW","MIN_GS",2050,573.531887231866
"MW","MIN_CL",2019,1135.00647021812
"MW","MIN_CL",2020,1106.09164535358
"MW","MIN_CL",2021,1077.91293519583
"MW","MIN_CL",2022,207.455212122165
"MW","MIN_CL",2023,179.569287575815
"MW","MIN_CL",2024,274.654163507981
"MW","MIN_CL",2025,0
"MW","MIN_CL",2026,0
"MW","MIN_CL",2027,0
"MW","MIN_CL",2028,0
"MW","MIN_CL",2029,0
"MW","MIN_CL",2030,0
"MW","MIN_CL",2031,0
"MW","MIN_CL",2032,0
"MW","MIN_CL",2033,0
"MW","MIN_CL",2034,0
"MW","MIN_CL",2035,0
"MW","MIN_CL",2036,0
"MW","MIN_CL",2037,0
"MW","MIN_CL",2038,0
"MW","MIN_CL",2039,0
"MW","MIN_CL",2040,0
"MW","MIN_CL",2041,0
"MW","MIN_CL",2042,0
"MW","MIN_CL",2043,0
"MW","MIN_CL",2044,0
"MW","MIN_CL",2045,0
"MW","MIN_CL",2046,10.213920868156
"MW","MIN_CL",2047,555.6372242688
"MW","MIN_CL",2048,541.74629366208
"MW","MIN_CL",2049,528.20265010176
"MW","MIN_CL",2050,514.99747359936
"MW","MIN_OI",2019,0
"MW","MIN_OI",2020,0
"MW","MIN_OI",2021,0
"MW","MIN_OI",2022,0
"MW","MIN_OI",2023,0
"MW","MIN_OI",2024,0
"MW","MIN_OI",2025,0
"MW","MIN_OI",2026,0
"MW","MIN_OI",2027,0
"MW","MIN_OI",2028,0
"MW","MIN_OI",2029,0
"MW","MIN_OI",2030,0
"MW","MIN_OI",2031,0
"MW","MIN_OI",2032,0
"MW","MIN_OI",2033,0
"MW","MIN_OI",2034,0
"MW","MIN_OI",2035,0
"MW","MIN_OI",2036,0
"MW","MIN_OI",2037,0
"MW","MIN_OI",2038,0
"MW","MIN_OI",2039,0
"MW","MIN_OI",2040,0
"MW","MIN_OI",2041,0
"MW","MIN_OI",2042,0
"MW","MIN_OI",2043,0
"MW","MIN_OI",2044,0
"MW","MIN_OI",2045,0
"MW","MIN_OI",2046,0
"MW","MIN_OI",2047,0
"MW","MIN_OI",2048,0
"MW","MIN_OI",2049,0
"MW","MIN_OI",2050,0
"MW","MIN_PV",2019,0
"MW","MIN_PV",2020,0
"MW","MIN_PV",2021,0
"MW","MIN_PV",2022,0
"MW","MIN_PV",2023,0
"MW","MIN_PV",2024,0
"MW","MIN_PV",2025,24.3871405757798
"MW","MIN_PV",2026,29.7849219407584
"MW","MIN_PV",2027,34.5481069458989
"MW","MIN_PV",2028,38.4996731241294
"MW","MIN_PV",2029,42.348424848331
"MW","MIN_PV",2030,46.4027099773049
"MW","MIN_PV",2031,50.3063863928741
"MW","MIN_PV",2032,53.6055099323839
"MW","MIN_PV",2033,57.0253694065455
"MW","MIN_PV",2034,60.239544898363
"MW","MIN_PV",2035,63.5175897111901
"MW","MIN_PV",2036,66.4137145186216
"MW","MIN_PV",2037,69.5106700970737
"MW","MIN_PV",2038,72.8336614182246
"MW","MIN_PV",2039,76.8203959465014
"MW","MIN_PV",2040,80.8313048978419
"MW","MIN_PV",2041,89.7523615531655
"MW","MIN_PV",2042,95.4974580135157
"MW","MIN_PV",2043,101.752351033783
"MW","MIN_PV",2044,109.379445973552
"MW","MIN_PV",2045,118.152646595912
"MW","MIN_PV",2046,127.123707368979
"MW","MIN_PV",2047,198.54437914826
"MW","MIN_PV",2048,199.702449204796
"MW","MIN_PV",2049,200.857539942645
"MW","MIN_PV",2050,202.009546354549
"MW","MIN_NUC",2019,0
"MW","MIN_NUC",2020,0
"MW","MIN_NUC",2021,0
"MW","MIN_NUC",2022,0
"MW","MIN_NUC",2023,0
"MW","MIN_NUC",2024,0
"MW","MIN_NUC",2025,0
"MW","MIN_NUC",2026,0
"MW","MIN_NUC",2027,0
"MW","MIN_NUC",2028,0
"MW","MIN_NUC",2029,0
"MW","MIN_NUC",2030,0
"MW","MIN_NUC",2031,0
"MW","MIN_NUC",2032,0
"MW","MIN_NUC",2033,0
"MW","MIN_NUC",2034,0
"MW","MIN_NUC",2035,0
"MW","MIN_NUC",2036,0
"MW","MIN_NUC",2037,0
"MW","MIN_NUC",2038,0
"MW","MIN_NUC",2039,0
"MW","MIN_NUC",2040,0
"MW","MIN_NUC",2041,0
"MW","MIN_NUC",2042,0
"MW","MIN_NUC",2043,0
"MW","MIN_NUC",2044,0
"MW","MIN_NUC",2045,0
"MW","MIN_NUC",2046,0
"MW","MIN_NUC",2047,0
"MW","MIN_NUC",2048,0
"MW","MIN_NUC",2049,0
"MW","MIN_NUC",2050,0
"ME","HYD",2019,10.089875
"ME","HYD",2020,10.089875
"ME","HYD",2021,10.089875
"ME","HYD",2022,10.089875
"ME","HYD",2023,10.089875
"ME","HYD",2024,10.089875
"ME","HYD",2025,10.089875
"ME","HYD",2026,10.089875
"ME","HYD",2027,10.089875
"ME","HYD",2028,10.089875
"ME","HYD",2029,10.089875
"ME","HYD",2030,10.089875
"ME","HYD",2031,10.089875
"ME","HYD",2032,10.089875
"ME","HYD",2033,10.089875
"ME","HYD",2034,10.089875
"ME","HYD",2035,10.089875
"ME","HYD",2036,10.089875
"ME","HYD",2037,10.089875
"ME","HYD",2038,10.089875
"ME","HYD",2039,10.089875
"ME","HYD",2040,10.089875
"ME","HYD",2041,10.089875
"ME","HYD",2042,10.089875
"ME","HYD",2043,10.089875
"ME","HYD",2044,10.089875
"ME","HYD",2045,10.089875
"ME","HYD",2046,10.089875
"ME","HYD",2047,10.089875
"ME","HYD",2048,10.089875
"ME","HYD",2049,10.089875
"ME","HYD",2050,10.089875
"ME","WN",2019,5.371113
"ME","WN",2020,5.102557
"ME","WN",2021,4.847429
"ME","WN",2022,4.605058
"ME","WN",2023,4.374805
"ME","WN",2024,4.156065
"ME","WN",2025,3.948262
"ME","WN",2026,3.750849
"ME","WN",2027,3.563306
"ME","WN",2028,3.385141
"ME","WN",2029,3.215884
"ME","WN",2030,3.05509
"ME","WN",2031,2.902335
"ME","WN",2032,2.757218
"ME","WN",2033,2.619357
"ME","WN",2034,2.48839
"ME","WN",2035,2.36397
"ME","WN",2036,2.245772
"ME","WN",2037,2.133483
"ME","WN",2038,2.026809
"ME","WN",2039,1.925468
"ME","WN",2040,1.829195
"ME","WN",2041,1.737735
"ME","WN",2042,1.650848
"ME","WN",2043,1.568306
"ME","WN",2044,1.489891
"ME","WN",2045,1.415396
"ME","WN",2046,1.344626
"ME","WN",2047,1.277395
"ME","WN",2048,1.213525
"ME","WN",2049,1.152849
"ME","WN",2050,1.095207
"ME","BIO",2019,0
"ME","BIO",2020,0
"ME","BIO",2021,0
"ME","BIO",2022,0
"ME","BIO",2023,0
"ME","BIO",2024,0
"ME","BIO",2025,0
"ME","BIO",2026,0
"ME","BIO",2027,0
"ME","BIO",2028,0
"ME","BIO",2029,0
"ME","BIO",2030,0
"ME","BIO",2031,0
"ME","BIO",2032,0
"ME","BIO",2033,0
"ME","BIO",2034,0
"ME","BIO",2035,0
"ME","BIO",2036,0
"ME","BIO",2037,0
"ME","BIO",2038,0
"ME","BIO",2039,0
"ME","BIO",2040,0
"ME","BIO",2041,0
"ME","BIO",2042,0
"ME","BIO",2043,0
"ME","BIO",2044,0
"ME","BIO",2045,0
"ME","BIO",2046,0
"ME","BIO",2047,0
"ME","BIO",2048,0
"ME","BIO",2049,0
"ME","BIO",2050,0
"ME","GS",2019,0.245417
"ME","GS",2020,0.2356
"ME","GS",2021,0.226176
"ME","GS",2022,0.217129
"ME","GS",2023,0.208444
"ME","GS",2024,0.200106
"ME","GS",2025,0.192102
"ME","GS",2026,0.461866449765518
"ME","GS",2027,1.16416223000621
"ME","GS",2028,1.84839071492697
"ME","GS",2029,2.51739301588179
"ME","GS",2030,3.16120078584747
"ME","GS",2031,3.78635617024793
"ME","GS",2032,4.37191183979427
"ME","GS",2033,4.93069307543079
"ME","GS",2034,5.4585401370163
"ME","GS",2035,5.96239786369437
"ME","GS",2036,6.4376449628278
"ME","GS",2037,6.88535648709076
"ME","GS",2038,7.30892339278667
"ME","GS",2039,7.71168374891035
"ME","GS",2040,8.09252936518116
"ME","GS",2041,8.55197573246878
"ME","GS",2042,8.92790641706607
"ME","GS",2043,8.92400641706607
"ME","GS",2044,8.92030641706607
"ME","GS",2045,8.91680641706607
"ME","GS",2046,8.91340641706607
"ME","GS",2047,8.91020641706607
"ME","GS",2048,8.90700641706607
"ME","GS",2049,8.90400641706607
"ME","GS",2050,8.90110641706607
"ME","CL",2019,12.675132
"ME","CL",2020,12.358254
"ME","CL",2021,12.049297
"ME","CL",2022,11.748065
"ME","CL",2023,11.454363
"ME","CL",2024,11.168004
"ME","CL",2025,10.888804
"ME","CL",2026,10.616584
"ME","CL",2027,10.351169
"ME","CL",2028,10.09239
"ME","CL",2029,9.84008
"ME","CL",2030,9.594078
"ME","CL",2031,9.354226
"ME","CL",2032,9.120371
"ME","CL",2033,8.892362
"ME","CL",2034,8.670052
"ME","CL",2035,8.453301
"ME","CL",2036,8.241969
"ME","CL",2037,8.035919
"ME","CL",2038,7.835021
"ME","CL",2039,7.639146
"ME","CL",2040,7.448167
"ME","CL",2041,7.261963
"ME","CL",2042,7.080414
"ME","CL",2043,6.903404
"ME","CL",2044,6.730819
"ME","CL",2045,6.562548
"ME","CL",2046,6.398484
"ME","CL",2047,6.238522
"ME","CL",2048,6.082559
"ME","CL",2049,5.930495
"ME","CL",2050,5.782233
"ME","OI",2019,0
"ME","OI",2020,0
"ME","OI",2021,0
"ME","OI",2022,0
"ME","OI",2023,0
"ME","OI",2024,0
"ME","OI",2025,0
"ME","OI",2026,0
"ME","OI",2027,0
"ME","OI",2028,0
"ME","OI",2029,0
"ME","OI",2030,0
"ME","OI",2031,0
"ME","OI",2032,0
"ME","OI",2033,0
"ME","OI",2034,0
"ME","OI",2035,0
"ME","OI",2036,0
"ME","OI",2037,0
"ME","OI",2038,0
"ME","OI",2039,0
"ME","OI",2040,0
"ME","OI",2041,0
"ME","OI",2042,0
"ME","OI",2043,0
"ME","OI",2044,0
"ME","OI",2045,0
"ME","OI",2046,0
"ME","OI",2047,0
"ME","OI",2048,0
"ME","OI",2049,0
"ME","OI",2050,0
"ME","PV",2019,2.295913
"ME","PV",2020,2.181117
"ME","PV",2021,2.072061
"ME","PV",2022,1.968458
"ME","PV",2023,1.870035
"ME","PV",2024,1.776534
"ME","PV",2025,1.687707
"ME","PV",2026,1.603322
"ME","PV",2027,1.523156
"ME","PV",2028,1.446998
"ME","PV",2029,1.374648
"ME","PV",2030,1.305916
"ME","PV",2031,1.24062
"ME","PV",2032,1.178589
"ME","PV",2033,1.119659
"ME","PV",2034,1.063676
"ME","PV",2035,1.010493
"ME","PV",2036,0.959968
"ME","PV",2037,0.91197
"ME","PV",2038,0.866371
"ME","PV",2039,0.823052
"ME","PV",2040,0.7819
"ME","PV",2041,0.742805
"ME","PV",2042,0.705665
"ME","PV",2043,2.71752577101063
"ME","PV",2044,4.50193052151305
"ME","PV",2045,6.10806270408248
"ME","PV",2046,7.64370775684752
"ME","PV",2047,9.11221112392684
"ME","PV",2048,10.5182901856772
"ME","PV",2049,11.8628507545413
"ME","PV",2050,13.2163674056253
"ME","NUC",2019,14.033
"ME","NUC",2020,13.33135
"ME","NUC",2021,12.664783
"ME","NUC",2022,12.031543
"ME","NUC",2023,11.429966
"ME","NUC",2024,10.858468
"ME","NUC",2025,10.315545
"ME","NUC",2026,9.799767
"ME","NUC",2027,9.309779
"ME","NUC",2028,8.84429
"ME","NUC",2029,8.402075
"ME","NUC",2030,7.981972
"ME","NUC",2031,7.582873
"ME","NUC",2032,7.203729
"ME","NUC",2033,6.843543
"ME","NUC",2034,6.501366
"ME","NUC",2035,6.176298
"ME","NUC",2036,5.867483
"ME","NUC",2037,5.574109
"ME","NUC",2038,5.295403
"ME","NUC",2039,5.030633
"ME","NUC",2040,4.779101
"ME","NUC",2041,4.540146
"ME","NUC",2042,4.313139
"ME","NUC",2043,4.097482
"ME","NUC",2044,3.892608
"ME","NUC",2045,3.697977
"ME","NUC",2046,3.513079
"ME","NUC",2047,3.337425
"ME","NUC",2048,3.170553
"ME","NUC",2049,3.012026
"ME","NUC",2050,2.861424
"ME","FC",2019,0
"ME","FC",2020,0
"ME","FC",2021,0
"ME","FC",2022,0
"ME","FC",2023,0
"ME","FC",2024,0
"ME","FC",2025,0
"ME","FC",2026,0
"ME","FC",2027,0
"ME","FC",2028,0
"ME","FC",2029,0
"ME","FC",2030,0
"ME","FC",2031,0
"ME","FC",2032,0
"ME","FC",2033,0
"ME","FC",2034,0
"ME","FC",2035,0
"ME","FC",2036,0
"ME","FC",2037,0
"ME","FC",2038,0
"ME","FC",2039,0
"ME","FC",2040,0
"ME","FC",2041,0
"ME","FC",2042,0
"ME","FC",2043,0
"ME","FC",2044,0
"ME","FC",2045,0
"ME","FC",2046,0
"ME","FC",2047,0.352818632759548
"ME","FC",2048,0.787741955388902
"ME","FC",2049,1.21022128287162
"ME","FC",2050,1.62087360550096
"ME","P2G",2019,0
"ME","P2G",2020,0
"ME","P2G",2021,0
"ME","P2G",2022,0
"ME","P2G",2023,0
"ME","P2G",2024,0
"ME","P2G",2025,0
"ME","P2G",2026,0
"ME","P2G",2027,0
"ME","P2G",2028,0
"ME","P2G",2029,0
"ME","P2G",2030,0
"ME","P2G",2031,0
"ME","P2G",2032,0
"ME","P2G",2033,0
"ME","P2G",2034,0
"ME","P2G",2035,0
"ME","P2G",2036,0
"ME","P2G",2037,0
"ME","P2G",2038,0
"ME","P2G",2039,0
"ME","P2G",2040,0
"ME","P2G",2041,0
"ME","P2G",2042,0
"ME","P2G",2043,0
"ME","P2G",2044,0
"ME","P2G",2045,0
"ME","P2G",2046,0
"ME","P2G",2047,0
"ME","P2G",2048,0
"ME","P2G",2049,0
"ME","P2G",2050,0
"ME","MIN_HYD",2019,270.285122992334
"ME","MIN_HYD",2020,239.000632330324
"ME","MIN_HYD",2021,318.194298
"ME","MIN_HYD",2022,318.194298
"ME","MIN_HYD",2023,316.74972294847
"ME","MIN_HYD",2024,318.194298
"ME","MIN_HYD",2025,318.194298
"ME","MIN_HYD",2026,318.194298
"ME","MIN_HYD",2027,318.194298
"ME","MIN_HYD",2028,318.194298
"ME","MIN_HYD",2029,318.194298
"ME","MIN_HYD",2030,318.194298
"ME","MIN_HYD",2031,318.194298
"ME","MIN_HYD",2032,318.194298
"ME","MIN_HYD",2033,318.194298
"ME","MIN_HYD",2034,318.194298
"ME","MIN_HYD",2035,318.194298
"ME","MIN_HYD",2036,318.194298
"ME","MIN_HYD",2037,318.194298
"ME","MIN_HYD",2038,318.194298
"ME","MIN_HYD",2039,318.194298
"ME","MIN_HYD",2040,318.194298
"ME","MIN_HYD",2041,318.194298
"ME","MIN_HYD",2042,318.194298
"ME","MIN_HYD",2043,318.194298
"ME","MIN_HYD",2044,318.194298
"ME","MIN_HYD",2045,318.194298
"ME","MIN_HYD",2046,318.194298
"ME","MIN_HYD",2047,318.194298
"ME","MIN_HYD",2048,318.194298
"ME","MIN_HYD",2049,318.194298
"ME","MIN_HYD",2050,318.194298
"ME","MIN_WN",2019,104.024017903674
"ME","MIN_WN",2020,98.822810229931
"ME","MIN_WN",2021,93.8816668133377
"ME","MIN_WN",2022,89.187592187961
"ME","MIN_WN",2023,84.7282106418318
"ME","MIN_WN",2024,80.491804951568
"ME","MIN_WN",2025,76.4672195458175
"ME","MIN_WN",2026,72.6438605052577
"ME","MIN_WN",2027,69.0116568279736
"ME","MIN_WN",2028,65.5610797967683
"ME","MIN_WN",2029,62.2830267752955
"ME","MIN_WN",2030,59.168879309993
"ME","MIN_WN",2031,56.2104256608376
"ME","MIN_WN",2032,53.3998995359679
"ME","MIN_WN",2033,50.7299026224384
"ME","MIN_WN",2034,48.1934239535311
"ME","MIN_WN",2035,45.7837430721989
"ME","MIN_WN",2036,43.4945656022446
"ME","MIN_WN",2037,41.3198295752078
"ME","MIN_WN",2038,39.2538410015442
"ME","MIN_WN",2039,37.2911382994457
"ME","MIN_WN",2040,35.426589131398
"ME","MIN_WN",2041,33.6552548330002
"ME","MIN_WN",2042,31.9724872495224
"ME","MIN_WN",2043,30.3738706339708
"ME","MIN_WN",2044,28.8551829124657
"ME","MIN_WN",2045,27.4124150515523
"ME","MIN_WN",2046,26.0417904255124
"ME","MIN_WN",2047,24.7397067144302
"ME","MIN_WN",2048,23.5027165368808
"ME","MIN_WN",2049,22.3275855518646
"ME","MIN_WN",2050,21.2112149895615
"ME","MIN_BIO",2019,0
"ME","MIN_BIO",2020,0
"ME","MIN_BIO",2021,0
"ME","MIN_BIO",2022,0
"ME","MIN_BIO",2023,0
"ME","MIN_BIO",2024,0
"ME","MIN_BIO",2025,0
"ME","MIN_BIO",2026,0
"ME","MIN_BIO",2027,0
"ME","MIN_BIO",2028,0
"ME","MIN_BIO",2029,0
"ME","MIN_BIO",2030,0
"ME","MIN_BIO",2031,0
"ME","MIN_BIO",2032,0
"ME","MIN_BIO",2033,0
"ME","MIN_BIO",2034,0
"ME","MIN_BIO",2035,0
"ME","MIN_BIO",2036,0
"ME","MIN_BIO",2037,0
"ME","MIN_BIO",2038,0
"ME","MIN_BIO",2039,0
"ME","MIN_BIO",2040,0
"ME","MIN_BIO",2041,0
"ME","MIN_BIO",2042,0
"ME","MIN_BIO",2043,0
"ME","MIN_BIO",2044,0
"ME","MIN_BIO",2045,0
"ME","MIN_BIO",2046,0
"ME","MIN_BIO",2047,0
"ME","MIN_BIO",2048,0
"ME","MIN_BIO",2049,0
"ME","MIN_BIO",2050,0
"ME","MIN_GS",2019,0
"ME","MIN_GS",2020,0
"ME","MIN_GS",2021,0
"ME","MIN_GS",2022,0
"ME","MIN_GS",2023,0
"ME","MIN_GS",2024,53.4521006613191
"ME","MIN_GS",2025,51.0083616103275
"ME","MIN_GS",2026,121.903204923309
"ME","MIN_GS",2027,305.411680562649
"ME","MIN_GS",2028,481.973726161711
"ME","MIN_GS",2029,652.411908258065
"ME","MIN_GS",2030,814.231371546952
"ME","MIN_GS",2031,975.252818950486
"ME","MIN_GS",2032,1126.07455671113
"ME","MIN_GS",2033,1269.99999603277
"ME","MIN_GS",2034,1405.95771148253
"ME","MIN_GS",2035,1535.73648722316
"ME","MIN_GS",2036,1658.14601561615
"ME","MIN_GS",2037,1773.46319827978
"ME","MIN_GS",2038,1882.56144477861
"ME","MIN_GS",2039,1986.30054247809
"ME","MIN_GS",2040,2084.39505449793
"ME","MIN_GS",2041,2202.73478396519
"ME","MIN_GS",2042,2299.5633556575
"ME","MIN_GS",2043,2298.55883156551
"ME","MIN_GS",2044,2297.6058215295
"ME","MIN_GS",2045,2296.70432554951
"ME","MIN_GS",2046,2295.82858659751
"ME","MIN_GS",2047,2295.0043617015
"ME","MIN_GS",2048,2294.1801368055
"ME","MIN_GS",2049,2293.4074259655
"ME","MIN_GS",2050,2292.6604721535
"ME","MIN_CL",2019,0
"ME","MIN_CL",2020,0
"ME","MIN_CL",2021,0
"ME","MIN_CL",2022,0
"ME","MIN_CL",2023,0
"ME","MIN_CL",2024,145.242261016742
"ME","MIN_CL",2025,337.578755356908
"ME","MIN_CL",2026,443.038767786202
"ME","MIN_CL",2027,436.409541073618
"ME","MIN_CL",2028,431.750491668017
"ME","MIN_CL",2029,429.073409362596
"ME","MIN_CL",2030,428.290305099728
"ME","MIN_CL",2031,431.376512753466
"ME","MIN_CL",2032,433.510329348437
"ME","MIN_CL",2033,435.777088860127
"ME","MIN_CL",2034,437.644009363218
"ME","MIN_CL",2035,439.647309517468
"ME","MIN_CL",2036,441.22358466572
"ME","MIN_CL",2037,442.359935149097
"ME","MIN_CL",2038,443.271206402348
"ME","MIN_CL",2039,444.172477034196
"ME","MIN_CL",2040,444.858702941724
"ME","MIN_CL",2041,454.970819324259
"ME","MIN_CL",2042,458.788408574792
"ME","MIN_CL",2043,414.054183893998
"ME","MIN_CL",2044,465.660157757167
"ME","MIN_CL",2045,545.059755010626
"ME","MIN_CL",2046,621.740345085668
"ME","MIN_CL",2047,695.813037210631
"ME","MIN_CL",2048,767.451008597912
"ME","MIN_CL",2049,836.732841149805
"ME","MIN_CL",2050,903.583351238062
"ME","MIN_OI",2019,0
"ME","MIN_OI",2020,0
"ME","MIN_OI",2021,0
"ME","MIN_OI",2022,0
"ME","MIN_OI",2023,0
"ME","MIN_OI",2024,0
"ME","MIN_OI",2025,0
"ME","MIN_OI",2026,0
"ME","MIN_OI",2027,0
"ME","MIN_OI",2028,0
"ME","MIN_OI",2029,0
"ME","MIN_OI",2030,0
"ME","MIN_OI",2031,0
"ME","MIN_OI",2032,0
"ME","MIN_OI",2033,0
"ME","MIN_OI",2034,0
"ME","MIN_OI",2035,0
"ME","MIN_OI",2036,0
"ME","MIN_OI",2037,0
"ME","MIN_OI",2038,0
"ME","MIN_OI",2039,0
"ME","MIN_OI",2040,0
"ME","MIN_OI",2041,0
"ME","MIN_OI",2042,0
"ME","MIN_OI",2043,0
"ME","MIN_OI",2044,0
"ME","MIN_OI",2045,0
"ME","MIN_OI",2046,0
"ME","MIN_OI",2047,0
"ME","MIN_OI",2048,0
"ME","MIN_OI",2049,0
"ME","MIN_OI",2050,0
"ME","MIN_PV",2019,41.1928739269978
"ME","MIN_PV",2020,39.1332239510084
"ME","MIN_PV",2021,37.1765600621839
"ME","MIN_PV",2022,35.3177329561661
"ME","MIN_PV",2023,33.5518445141751
"ME","MIN_PV",2024,31.8742657448366
"ME","MIN_PV",2025,30.2805470750467
"ME","MIN_PV",2026,28.7665260009338
"ME","MIN_PV",2027,27.3282014950698
"ME","MIN_PV",2028,25.9617878319509
"ME","MIN_PV",2029,24.6636966461707
"ME","MIN_PV",2030,23.4305189905929
"ME","MIN_PV",2031,22.2589894526979
"ME","MIN_PV",2032,21.146039980063
"ME","MIN_PV",2033,20.088728113055
"ME","MIN_PV",2034,19.0842908103109
"ME","MIN_PV",2035,18.130090623257
"ME","MIN_PV",2036,17.2235798124546
"ME","MIN_PV",2037,16.3624079985627
"ME","MIN_PV",2038,15.5442786277211
"ME","MIN_PV",2039,14.7670566225129
"ME","MIN_PV",2040,14.0287145564834
"ME","MIN_PV",2041,13.3272788286593
"ME","MIN_PV",2042,12.6609193726831
"ME","MIN_PV",2043,48.7573773390404
"ME","MIN_PV",2044,80.7728587280051
"ME","MIN_PV",2045,109.589804538528
"ME","MIN_PV",2046,137.142082458105
"ME","MIN_PV",2047,163.489715866457
"ME","MIN_PV",2048,188.717343185991
"ME","MIN_PV",2049,212.841216346878
"ME","MIN_PV",2050,237.12577798584
"ME","MIN_NUC",2019,4629.01743648
"ME","MIN_NUC",2020,4397.566564656
"ME","MIN_NUC",2021,4177.68840135648
"ME","MIN_NUC",2022,3968.80370090208
"ME","MIN_NUC",2023,3770.36356533696
"ME","MIN_NUC",2024,3581.84548603008
"ME","MIN_NUC",2025,3402.7533436752
"ME","MIN_NUC",2026,3232.61542909152
"ME","MIN_NUC",2027,3070.98477309024
"ME","MIN_NUC",2028,2917.4355179424
"ME","MIN_NUC",2029,2771.563577112
"ME","MIN_NUC",2030,2632.98564565632
"ME","MIN_NUC",2031,2501.33623142689
"ME","MIN_NUC",2032,2376.26930440224
"ME","MIN_NUC",2033,2257.45598762208
"ME","MIN_NUC",2034,2144.58323772096
"ME","MIN_NUC",2035,2037.35417479488
"ME","MIN_NUC",2036,1935.48643306848
"ME","MIN_NUC",2037,1838.71216089504
"ME","MIN_NUC",2038,1746.77637142368
"ME","MIN_NUC",2039,1659.43760233249
"ME","MIN_NUC",2040,1576.46560676256
"ME","MIN_NUC",2041,1497.64234291776
"ME","MIN_NUC",2042,1422.76032473184
"ME","MIN_NUC",2043,1351.62229200192
"ME","MIN_NUC",2044,1284.04121038848
"ME","MIN_NUC",2045,1219.83895194912
"ME","MIN_NUC",2046,1158.84728473824
"ME","MIN_NUC",2047,1100.904904008
"ME","MIN_NUC",2048,1045.85941140768
"ME","MIN_NUC",2049,993.56665525056
"ME","MIN_NUC",2050,943.88809158144
"E","HYD",2019,47.569328
"E","HYD",2020,47.569328
"E","HYD",2021,47.569328
"E","HYD",2022,47.569328
"E","HYD",2023,47.569328
"E","HYD",2024,47.569328
"E","HYD",2025,47.569328
"E","HYD",2026,47.569328
"E","HYD",2027,47.569328
"E","HYD",2028,47.569328
"E","HYD",2029,47.569328
"E","HYD",2030,47.569328
"E","HYD",2031,47.569328
"E","HYD",2032,47.569328
"E","HYD",2033,47.569328
"E","HYD",2034,47.569328
"E","HYD",2035,47.569328
"E","HYD",2036,47.569328
"E","HYD",2037,47.569328
"E","HYD",2038,47.569328
"E","HYD",2039,47.569328
"E","HYD",2040,47.569328
"E","HYD",2041,47.569328
"E","HYD",2042,47.569328
"E","HYD",2043,47.569328
"E","HYD",2044,47.569328
"E","HYD",2045,47.569328
"E","HYD",2046,47.569328
"E","HYD",2047,47.569328
"E","HYD",2048,47.569328
"E","HYD",2049,47.569328
"E","HYD",2050,47.569328
"E","WN",2019,4.304363
"E","WN",2020,4.99779728814389
"E","WN",2021,4.79334028814389
"E","WN",2022,8.5749965024365
"E","WN",2023,8.3904745024365
"E","WN",2024,8.2151775024365
"E","WN",2025,8.20417625868061
"E","WN",2026,8.44680278807427
"E","WN",2027,8.92415665459678
"E","WN",2028,8.78137665459678
"E","WN",2029,8.73396626826297
"E","WN",2030,8.60510726826297
"E","WN",2031,9.21462958036716
"E","WN",2032,9.80348819628219
"E","WN",2033,10.0650747788262
"E","WN",2034,9.9601187788262
"E","WN",2035,10.3991661703232
"E","WN",2036,10.8406721563567
"E","WN",2037,11.1717844089944
"E","WN",2038,11.5798780612511
"E","WN",2039,11.8110576138217
"E","WN",2040,12.1018242187749
"E","WN",2041,13.432962510475
"E","WN",2042,17.6207192729272
"E","WN",2043,20.9210382516106
"E","WN",2044,39.5859591025814
"E","WN",2045,40.7796377493905
"E","WN",2046,41.7514553383782
"E","WN",2047,42.4860572064853
"E","WN",2048,43.0782972839117
"E","WN",2049,42.9414406702455
"E","WN",2050,43.1739262216077
"E","BIO",2019,0
"E","BIO",2020,0
"E","BIO",2021,0
"E","BIO",2022,0
"E","BIO",2023,0
"E","BIO",2024,0
"E","BIO",2025,0
"E","BIO",2026,0
"E","BIO",2027,0
"E","BIO",2028,0
"E","BIO",2029,0
"E","BIO",2030,0
"E","BIO",2031,0
"E","BIO",2032,0
"E","BIO",2033,0
"E","BIO",2034,0
"E","BIO",2035,0
"E","BIO",2036,0
"E","BIO",2037,0
"E","BIO",2038,0
"E","BIO",2039,0
"E","BIO",2040,0
"E","BIO",2041,0
"E","BIO",2042,0
"E","BIO",2043,0
"E","BIO",2044,0
"E","BIO",2045,0
"E","BIO",2046,0
"E","BIO",2047,0
"E","BIO",2048,0
"E","BIO",2049,0
"E","BIO",2050,0
"E","GS",2019,10.9278646938802
"E","GS",2020,10.9179836938802
"E","GS",2021,10.9084976938802
"E","GS",2022,10.8993906938802
"E","GS",2023,10.8906486938802
"E","GS",2024,10.8822556938802
"E","GS",2025,10.8741986938802
"E","GS",2026,10.8664636938802
"E","GS",2027,10.8590386938802
"E","GS",2028,10.8519106938802
"E","GS",2029,10.8450676938802
"E","GS",2030,10.8384976938802
"E","GS",2031,10.8321916938802
"E","GS",2032,10.8261366938802
"E","GS",2033,10.8203246938802
"E","GS",2034,10.8147446938802
"E","GS",2035,10.8093886938802
"E","GS",2036,10.8042456938802
"E","GS",2037,10.7993096938802
"E","GS",2038,10.7945706938802
"E","GS",2039,10.7900206938802
"E","GS",2040,10.7856536938802
"E","GS",2041,10.7814606938802
"E","GS",2042,10.7774316938802
"E","GS",2043,10.7735316938802
"E","GS",2044,0.089
"E","GS",2045,0.0855
"E","GS",2046,0.082
"E","GS",2047,0.0788
"E","GS",2048,0.0756
"E","GS",2049,0.0726
"E","GS",2050,0.0697
"E","CL",2019,3.95929
"E","CL",2020,3.860308
"E","CL",2021,3.7638
"E","CL",2022,3.669705
"E","CL",2023,3.577962
"E","CL",2024,3.488513
"E","CL",2025,3.401301
"E","CL",2026,3.316268
"E","CL",2027,3.233361
"E","CL",2028,3.152527
"E","CL",2029,3.073714
"E","CL",2030,2.996871
"E","CL",2031,2.921949
"E","CL",2032,2.848901
"E","CL",2033,2.777678
"E","CL",2034,2.708236
"E","CL",2035,2.64053
"E","CL",2036,2.574517
"E","CL",2037,2.510154
"E","CL",2038,2.4474
"E","CL",2039,2.386215
"E","CL",2040,2.32656
"E","CL",2041,2.268396
"E","CL",2042,2.211686
"E","CL",2043,2.156394
"E","CL",2044,2.102484
"E","CL",2045,2.049922
"E","CL",2046,1.998674
"E","CL",2047,1.948707
"E","CL",2048,1.899989
"E","CL",2049,1.85249
"E","CL",2050,1.806177
"E","OI",2019,0
"E","OI",2020,0
"E","OI",2021,0
"E","OI",2022,0
"E","OI",2023,0
"E","OI",2024,0
"E","OI",2025,0
"E","OI",2026,0
"E","OI",2027,0
"E","OI",2028,0
"E","OI",2029,0
"E","OI",2030,0
"E","OI",2031,0
"E","OI",2032,0
"E","OI",2033,0
"E","OI",2034,0
"E","OI",2035,0
"E","OI",2036,0
"E","OI",2037,0
"E","OI",2038,0
"E","OI",2039,0
"E","OI",2040,0
"E","OI",2041,0
"E","OI",2042,0
"E","OI",2043,0
"E","OI",2044,0
"E","OI",2045,0
"E","OI",2046,0
"E","OI",2047,0
"E","OI",2048,0
"E","OI",2049,0
"E","OI",2050,0
"E","PV",2019,0
"E","PV",2020,0
"E","PV",2021,2.51982573381218
"E","PV",2022,14.7615271629206
"E","PV",2023,16.8892841339843
"E","PV",2024,19.1440020187296
"E","PV",2025,20.9111595775875
"E","PV",2026,21.8838155684075
"E","PV",2027,22.2178432840726
"E","PV",2028,24.5421474810108
"E","PV",2029,26.7767974642911
"E","PV",2030,29.9089264689195
"E","PV",2031,29.9089264689195
"E","PV",2032,29.9089264689195
"E","PV",2033,31.3797729174228
"E","PV",2034,35.6667986706832
"E","PV",2035,36.0911522384154
"E","PV",2036,36.2365885968124
"E","PV",2037,37.1160848753931
"E","PV",2038,37.2242527397793
"E","PV",2039,37.9004309885266
"E","PV",2040,37.9004309885266
"E","PV",2041,37.9601022061798
"E","PV",2042,33.1125428272224
"E","PV",2043,30.9847858561586
"E","PV",2044,28.7300679714133
"E","PV",2045,26.9629104125554
"E","PV",2046,25.9902544217354
"E","PV",2047,25.6562267060703
"E","PV",2048,25.7065408285463
"E","PV",2049,27.3589579670838
"E","PV",2050,28.1289033315126
"E","NUC",2019,0
"E","NUC",2020,0
"E","NUC",2021,0
"E","NUC",2022,0
"E","NUC",2023,0
"E","NUC",2024,0
"E","NUC",2025,0
"E","NUC",2026,0
"E","NUC",2027,0
"E","NUC",2028,0
"E","NUC",2029,0
"E","NUC",2030,0
"E","NUC",2031,0
"E","NUC",2032,0
"E","NUC",2033,0
"E","NUC",2034,0
"E","NUC",2035,0
"E","NUC",2036,0
"E","NUC",2037,0
"E","NUC",2038,0
"E","NUC",2039,0
"E","NUC",2040,0
"E","NUC",2041,0
"E","NUC",2042,0
"E","NUC",2043,0
"E","NUC",2044,0
"E","NUC",2045,0
"E","NUC",2046,0
"E","NUC",2047,0
"E","NUC",2048,0
"E","NUC",2049,0
"E","NUC",2050,0
"E","FC",2019,0
"E","FC",2020,0
"E","FC",2021,0
"E","FC",2022,0
"E","FC",2023,0
"E","FC",2024,0
"E","FC",2025,0
"E","FC",2026,0
"E","FC",2027,0
"E","FC",2028,0
"E","FC",2029,0
"E","FC",2030,0
"E","FC",2031,0
"E","FC",2032,0
"E","FC",2033,0
"E","FC",2034,0
"E","FC",2035,0
"E","FC",2036,0
"E","FC",2037,0
"E","FC",2038,0
"E","FC",2039,0
"E","FC",2040,0
"E","FC",2041,0
"E","FC",2042,0
"E","FC",2043,0
"E","FC",2044,0.25548458840582
"E","FC",2045,0.73396981689061
"E","FC",2046,1.21114104537541
"E","FC",2047,1.6867312792979
"E","FC",2048,2.16107250778268
"E","FC",2049,2.63399473626748
"E","FC",2050,3.10563096475226
"E","P2G",2019,0
"E","P2G",2020,0
"E","P2G",2021,0
"E","P2G",2022,0
"E","P2G",2023,0
"E","P2G",2024,0
"E","P2G",2025,0
"E","P2G",2026,0
"E","P2G",2027,0
"E","P2G",2028,0
"E","P2G",2029,0
"E","P2G",2030,0
"E","P2G",2031,0
"E","P2G",2032,0
"E","P2G",2033,0
"E","P2G",2034,0
"E","P2G",2035,0
"E","P2G",2036,0
"E","P2G",2037,0
"E","P2G",2038,0
"E","P2G",2039,0
"E","P2G",2040,0
"E","P2G",2041,0
"E","P2G",2042,0
"E","P2G",2043,0
"E","P2G",2044,0
"E","P2G",2045,0
"E","P2G",2046,0
"E","P2G",2047,0
"E","P2G",2048,0
"E","P2G",2049,0.494406797396502
"E","P2G",2050,0.881952681933034
"E","MIN_HYD",2019,374.075366934993
"E","MIN_HYD",2020,373.725584398956
"E","MIN_HYD",2021,390.70576802209
"E","MIN_HYD",2022,453.042461879898
"E","MIN_HYD",2023,467.142655024234
"E","MIN_HYD",2024,480.681007311038
"E","MIN_HYD",2025,489.691971746211
"E","MIN_HYD",2026,494.551573047046
"E","MIN_HYD",2027,496.519278144539
"E","MIN_HYD",2028,506.942349052749
"E","MIN_HYD",2029,515.550544141069
"E","MIN_HYD",2030,527.347222067648
"E","MIN_HYD",2031,527.727775658457
"E","MIN_HYD",2032,528.095615711243
"E","MIN_HYD",2033,533.26362373775
"E","MIN_HYD",2034,543.534129396818
"E","MIN_HYD",2035,544.65262971839
"E","MIN_HYD",2036,545.201229228204
"E","MIN_HYD",2037,547.033060558216
"E","MIN_HYD",2038,547.445163841977
"E","MIN_HYD",2039,548.731064311732
"E","MIN_HYD",2040,548.88597326241
"E","MIN_HYD",2041,549.786100824802
"E","MIN_HYD",2042,516.846583296753
"E","MIN_HYD",2043,461.663950816485
"E","MIN_HYD",2044,544.137018838723
"E","MIN_HYD",2045,543.831223904845
"E","MIN_HYD",2046,544.700299313488
"E","MIN_HYD",2047,546.910147989117
"E","MIN_HYD",2048,549.929277473686
"E","MIN_HYD",2049,557.249143310653
"E","MIN_HYD",2050,561.821405858907
"E","MIN_WN",2019,88.6086675016207
"E","MIN_WN",2020,102.883552838282
"E","MIN_WN",2021,98.6746461240061
"E","MIN_WN",2022,176.522987004571
"E","MIN_WN",2023,172.724457804145
"E","MIN_WN",2024,169.115832419383
"E","MIN_WN",2025,168.889363241465
"E","MIN_WN",2026,173.884019470532
"E","MIN_WN",2027,183.710720898665
"E","MIN_WN",2028,180.771483305117
"E","MIN_WN",2029,179.795503547188
"E","MIN_WN",2030,177.142840589721
"E","MIN_WN",2031,189.690332492253
"E","MIN_WN",2032,201.812446101881
"E","MIN_WN",2033,207.19740980395
"E","MIN_WN",2034,205.036808733292
"E","MIN_WN",2035,214.074941514056
"E","MIN_WN",2036,223.16368637977
"E","MIN_WN",2037,229.979890194293
"E","MIN_WN",2038,238.380816125106
"E","MIN_WN",2039,243.139827413629
"E","MIN_WN",2040,249.125484622112
"E","MIN_WN",2041,276.528003946789
"E","MIN_WN",2042,362.736241156753
"E","MIN_WN",2043,430.675879851595
"E","MIN_WN",2044,814.907824422195
"E","MIN_WN",2045,839.480629810332
"E","MIN_WN",2046,859.486252387897
"E","MIN_WN",2047,874.608604447229
"E","MIN_WN",2048,886.800328077837
"E","MIN_WN",2049,883.983028009105
"E","MIN_WN",2050,888.768924300748
"E","MIN_BIO",2019,0
"E","MIN_BIO",2020,0
"E","MIN_BIO",2021,0
"E","MIN_BIO",2022,0
"E","MIN_BIO",2023,0
"E","MIN_BIO",2024,0
"E","MIN_BIO",2025,0
"E","MIN_BIO",2026,0
"E","MIN_BIO",2027,0
"E","MIN_BIO",2028,0
"E","MIN_BIO",2029,0
"E","MIN_BIO",2030,0
"E","MIN_BIO",2031,0
"E","MIN_BIO",2032,0
"E","MIN_BIO",2033,0
"E","MIN_BIO",2034,0
"E","MIN_BIO",2035,0
"E","MIN_BIO",2036,0
"E","MIN_BIO",2037,0
"E","MIN_BIO",2038,0
"E","MIN_BIO",2039,0
"E","MIN_BIO",2040,0
"E","MIN_BIO",2041,0
"E","MIN_BIO",2042,0
"E","MIN_BIO",2043,0
"E","MIN_BIO",2044,0
"E","MIN_BIO",2045,0
"E","MIN_BIO",2046,0
"E","MIN_BIO",2047,0
"E","MIN_BIO",2048,0
"E","MIN_BIO",2049,0
"E","MIN_BIO",2050,0
"E","MIN_GS",2019,3005.99482585725
"E","MIN_GS",2020,2985.90146402002
"E","MIN_GS",2021,2965.94694977993
"E","MIN_GS",2022,2946.12507306901
"E","MIN_GS",2023,2926.43026185387
"E","MIN_GS",2024,2906.85649991254
"E","MIN_GS",2025,2887.39866945682
"E","MIN_GS",2026,2868.05147059129
"E","MIN_GS",2027,2848.81021846507
"E","MIN_GS",2028,2829.67004262961
"E","MIN_GS",2029,2810.62641578589
"E","MIN_GS",2030,2791.67488579208
"E","MIN_GS",2031,2790.0506476064
"E","MIN_GS",2032,2788.491059561
"E","MIN_GS",2033,2786.99406109364
"E","MIN_GS",2034,2785.55681893124
"E","MIN_GS",2035,2784.17727251156
"E","MIN_GS",2036,2782.85258856152
"E","MIN_GS",2037,2781.58122165944
"E","MIN_GS",2038,2780.36059610252
"E","MIN_GS",2039,2779.18865132852
"E","MIN_GS",2040,2778.06384191576
"E","MIN_GS",2041,2776.98384973172
"E","MIN_GS",2042,2566.78893542544
"E","MIN_GS",2043,2774.9415749816
"E","MIN_GS",2044,22.92375492
"E","MIN_GS",2045,22.02225894
"E","MIN_GS",2046,21.12076296
"E","MIN_GS",2047,20.296538064
"E","MIN_GS",2048,19.472313168
"E","MIN_GS",2049,18.699602328
"E","MIN_GS",2050,17.952648516
"E","MIN_CL",2019,1097.16414601851
"E","MIN_CL",2020,1069.21337451028
"E","MIN_CL",2021,1041.97426338801
"E","MIN_CL",2022,0
"E","MIN_CL",2023,0
"E","MIN_CL",2024,0
"E","MIN_CL",2025,0
"E","MIN_CL",2026,0
"E","MIN_CL",2027,0
"E","MIN_CL",2028,0
"E","MIN_CL",2029,0
"E","MIN_CL",2030,0
"E","MIN_CL",2031,0
"E","MIN_CL",2032,0
"E","MIN_CL",2033,0
"E","MIN_CL",2034,0
"E","MIN_CL",2035,0
"E","MIN_CL",2036,0
"E","MIN_CL",2037,0
"E","MIN_CL",2038,0
"E","MIN_CL",2039,0
"E","MIN_CL",2040,0
"E","MIN_CL",2041,0
"E","MIN_CL",2042,0
"E","MIN_CL",2043,0
"E","MIN_CL",2044,0
"E","MIN_CL",2045,0
"E","MIN_CL",2046,0
"E","MIN_CL",2047,0
"E","MIN_CL",2048,0
"E","MIN_CL",2049,0
"E","MIN_CL",2050,0
"E","MIN_OI",2019,0
"E","MIN_OI",2020,0
"E","MIN_OI",2021,0
"E","MIN_OI",2022,0
"E","MIN_OI",2023,0
"E","MIN_OI",2024,0
"E","MIN_OI",2025,0
"E","MIN_OI",2026,0
"E","MIN_OI",2027,0
"E","MIN_OI",2028,0
"E","MIN_OI",2029,0
"E","MIN_OI",2030,0
"E","MIN_OI",2031,0
"E","MIN_OI",2032,0
"E","MIN_OI",2033,0
"E","MIN_OI",2034,0
"E","MIN_OI",2035,0
"E","MIN_OI",2036,0
"E","MIN_OI",2037,0
"E","MIN_OI",2038,0
"E","MIN_OI",2039,0
"E","MIN_OI",2040,0
"E","MIN_OI",2041,0
"E","MIN_OI",2042,0
"E","MIN_OI",2043,0
"E","MIN_OI",2044,0
"E","MIN_OI",2045,0
"E","MIN_OI",2046,0
"E","MIN_OI",2047,0
"E","MIN_OI",2048,0
"E","MIN_OI",2049,0
"E","MIN_OI",2050,0
"E","MIN_PV",2019,0
"E","MIN_PV",2020,0
"E","MIN_PV",2021,47.6978233158264
"E","MIN_PV",2022,279.421193712295
"E","MIN_PV",2023,319.697540883047
"E","MIN_PV",2024,362.377133305065
"E","MIN_PV",2025,395.827688191697
"E","MIN_PV",2026,414.239109654174
"E","MIN_PV",2027,420.561925851578
"E","MIN_PV",2028,464.558718736959
"E","MIN_PV",2029,506.858445517655
"E","MIN_PV",2030,566.146567652643
"E","MIN_PV",2031,566.146567652643
"E","MIN_PV",2032,566.146567652642
"E","MIN_PV",2033,593.988244592453
"E","MIN_PV",2034,675.137426532134
"E","MIN_PV",2035,683.170022288868
"E","MIN_PV",2036,685.9229895411
"E","MIN_PV",2037,702.570989257812
"E","MIN_PV",2038,704.618500565722
"E","MIN_PV",2039,717.41788990681
"E","MIN_PV",2040,717.41788990681
"E","MIN_PV",2041,718.547407380368
"E","MIN_PV",2042,626.787875096886
"E","MIN_PV",2043,586.511527926133
"E","MIN_PV",2044,543.831935504115
"E","MIN_PV",2045,510.381380617483
"E","MIN_PV",2046,491.969959155007
"E","MIN_PV",2047,485.647142957603
"E","MIN_PV",2048,486.599539820588
"E","MIN_PV",2049,517.878171378479
"E","MIN_PV",2050,532.452480015214
"E","MIN_NUC",2019,0
"E","MIN_NUC",2020,0
"E","MIN_NUC",2021,0
"E","MIN_NUC",2022,0
"E","MIN_NUC",2023,0
"E","MIN_NUC",2024,0
"E","MIN_NUC",2025,0
"E","MIN_NUC",2026,0
"E","MIN_NUC",2027,0
"E","MIN_NUC",2028,0
"E","MIN_NUC",2029,0
"E","MIN_NUC",2030,0
"E","MIN_NUC",2031,0
"E","MIN_NUC",2032,0
"E","MIN_NUC",2033,0
"E","MIN_NUC",2034,0
"E","MIN_NUC",2035,0
"E","MIN_NUC",2036,0
"E","MIN_NUC",2037,0
"E","MIN_NUC",2038,0
"E","MIN_NUC",2039,0
"E","MIN_NUC",2040,0
"E","MIN_NUC",2041,0
"E","MIN_NUC",2042,0
"E","MIN_NUC",2043,0
"E","MIN_NUC",2044,0
"E","MIN_NUC",2045,0
"E","MIN_NUC",2046,0
"E","MIN_NUC",2047,0
"E","MIN_NUC",2048,0
"E","MIN_NUC",2049,0
"E","MIN_NUC",2050,0
