REGION,TECHNOLOGY,YEAR,VALUE
NAmerica,PWRHYDCANWS01,2019,1
NAmerica,PWRSPVCANWS01,2019,1
NAmerica,PWRWNDCANWS01,2019,1
NAmerica,PWRBIOCANWS01,2019,1
NAmerica,PWRHYDCANMW01,2019,1
NAmerica,PWRSPVCANMW01,2019,1
NAmerica,PWRWNDCANMW01,2019,1
NAmerica,PWRBIOCANMW01,2019,1
NAmerica,PWRHYDCANOT01,2019,1
NAmerica,PWRSPVCANOT01,2019,1
NAmerica,PWRWNDCANOT01,2019,1
NAmerica,PWRBIOCANOT01,2019,1
NAmerica,PWRHYDCANQC01,2019,1
NAmerica,PWRSPVCANQC01,2019,1
NAmerica,PWRWNDCANQC01,2019,1
NAmerica,PWRBIOCANQC01,2019,1
NAmerica,PWRHYDCANAT01,2019,1
NAmerica,PWRSPVCANAT01,2019,1
NAmerica,PWRWNDCANAT01,2019,1
NAmerica,PWRBIOCANAT01,2019,1
NAmerica,PWRHYDCANWS01,2020,1
NAmerica,PWRSPVCANWS01,2020,1
NAmerica,PWRWNDCANWS01,2020,1
NAmerica,PWRBIOCANWS01,2020,1
NAmerica,PWRHYDCANMW01,2020,1
NAmerica,PWRSPVCANMW01,2020,1
NAmerica,PWRWNDCANMW01,2020,1
NAmerica,PWRBIOCANMW01,2020,1
NAmerica,PWRHYDCANOT01,2020,1
NAmerica,PWRSPVCANOT01,2020,1
NAmerica,PWRWNDCANOT01,2020,1
NAmerica,PWRBIOCANOT01,2020,1
NAmerica,PWRHYDCANQC01,2020,1
NAmerica,PWRSPVCANQC01,2020,1
NAmerica,PWRWNDCANQC01,2020,1
NAmerica,PWRBIOCANQC01,2020,1
NAmerica,PWRHYDCANAT01,2020,1
NAmerica,PWRSPVCANAT01,2020,1
NAmerica,PWRWNDCANAT01,2020,1
NAmerica,PWRBIOCANAT01,2020,1
NAmerica,PWRHYDCANWS01,2021,1
NAmerica,PWRSPVCANWS01,2021,1
NAmerica,PWRWNDCANWS01,2021,1
NAmerica,PWRBIOCANWS01,2021,1
NAmerica,PWRHYDCANMW01,2021,1
NAmerica,PWRSPVCANMW01,2021,1
NAmerica,PWRWNDCANMW01,2021,1
NAmerica,PWRBIOCANMW01,2021,1
NAmerica,PWRHYDCANOT01,2021,1
NAmerica,PWRSPVCANOT01,2021,1
NAmerica,PWRWNDCANOT01,2021,1
NAmerica,PWRBIOCANOT01,2021,1
NAmerica,PWRHYDCANQC01,2021,1
NAmerica,PWRSPVCANQC01,2021,1
NAmerica,PWRWNDCANQC01,2021,1
NAmerica,PWRBIOCANQC01,2021,1
NAmerica,PWRHYDCANAT01,2021,1
NAmerica,PWRSPVCANAT01,2021,1
NAmerica,PWRWNDCANAT01,2021,1
NAmerica,PWRBIOCANAT01,2021,1
NAmerica,PWRHYDCANWS01,2022,1
NAmerica,PWRSPVCANWS01,2022,1
NAmerica,PWRWNDCANWS01,2022,1
NAmerica,PWRBIOCANWS01,2022,1
NAmerica,PWRHYDCANMW01,2022,1
NAmerica,PWRSPVCANMW01,2022,1
NAmerica,PWRWNDCANMW01,2022,1
NAmerica,PWRBIOCANMW01,2022,1
NAmerica,PWRHYDCANOT01,2022,1
NAmerica,PWRSPVCANOT01,2022,1
NAmerica,PWRWNDCANOT01,2022,1
NAmerica,PWRBIOCANOT01,2022,1
NAmerica,PWRHYDCANQC01,2022,1
NAmerica,PWRSPVCANQC01,2022,1
NAmerica,PWRWNDCANQC01,2022,1
NAmerica,PWRBIOCANQC01,2022,1
NAmerica,PWRHYDCANAT01,2022,1
NAmerica,PWRSPVCANAT01,2022,1
NAmerica,PWRWNDCANAT01,2022,1
NAmerica,PWRBIOCANAT01,2022,1
NAmerica,PWRHYDCANWS01,2023,1
NAmerica,PWRSPVCANWS01,2023,1
NAmerica,PWRWNDCANWS01,2023,1
NAmerica,PWRBIOCANWS01,2023,1
NAmerica,PWRHYDCANMW01,2023,1
NAmerica,PWRSPVCANMW01,2023,1
NAmerica,PWRWNDCANMW01,2023,1
NAmerica,PWRBIOCANMW01,2023,1
NAmerica,PWRHYDCANOT01,2023,1
NAmerica,PWRSPVCANOT01,2023,1
NAmerica,PWRWNDCANOT01,2023,1
NAmerica,PWRBIOCANOT01,2023,1
NAmerica,PWRHYDCANQC01,2023,1
NAmerica,PWRSPVCANQC01,2023,1
NAmerica,PWRWNDCANQC01,2023,1
NAmerica,PWRBIOCANQC01,2023,1
NAmerica,PWRHYDCANAT01,2023,1
NAmerica,PWRSPVCANAT01,2023,1
NAmerica,PWRWNDCANAT01,2023,1
NAmerica,PWRBIOCANAT01,2023,1
NAmerica,PWRHYDCANWS01,2024,1
NAmerica,PWRSPVCANWS01,2024,1
NAmerica,PWRWNDCANWS01,2024,1
NAmerica,PWRBIOCANWS01,2024,1
NAmerica,PWRHYDCANMW01,2024,1
NAmerica,PWRSPVCANMW01,2024,1
NAmerica,PWRWNDCANMW01,2024,1
NAmerica,PWRBIOCANMW01,2024,1
NAmerica,PWRHYDCANOT01,2024,1
NAmerica,PWRSPVCANOT01,2024,1
NAmerica,PWRWNDCANOT01,2024,1
NAmerica,PWRBIOCANOT01,2024,1
NAmerica,PWRHYDCANQC01,2024,1
NAmerica,PWRSPVCANQC01,2024,1
NAmerica,PWRWNDCANQC01,2024,1
NAmerica,PWRBIOCANQC01,2024,1
NAmerica,PWRHYDCANAT01,2024,1
NAmerica,PWRSPVCANAT01,2024,1
NAmerica,PWRWNDCANAT01,2024,1
NAmerica,PWRBIOCANAT01,2024,1
NAmerica,PWRHYDCANWS01,2025,1
NAmerica,PWRSPVCANWS01,2025,1
NAmerica,PWRWNDCANWS01,2025,1
NAmerica,PWRBIOCANWS01,2025,1
NAmerica,PWRHYDCANMW01,2025,1
NAmerica,PWRSPVCANMW01,2025,1
NAmerica,PWRWNDCANMW01,2025,1
NAmerica,PWRBIOCANMW01,2025,1
NAmerica,PWRHYDCANOT01,2025,1
NAmerica,PWRSPVCANOT01,2025,1
NAmerica,PWRWNDCANOT01,2025,1
NAmerica,PWRBIOCANOT01,2025,1
NAmerica,PWRHYDCANQC01,2025,1
NAmerica,PWRSPVCANQC01,2025,1
NAmerica,PWRWNDCANQC01,2025,1
NAmerica,PWRBIOCANQC01,2025,1
NAmerica,PWRHYDCANAT01,2025,1
NAmerica,PWRSPVCANAT01,2025,1
NAmerica,PWRWNDCANAT01,2025,1
NAmerica,PWRBIOCANAT01,2025,1
NAmerica,PWRHYDCANWS01,2026,1
NAmerica,PWRSPVCANWS01,2026,1
NAmerica,PWRWNDCANWS01,2026,1
NAmerica,PWRBIOCANWS01,2026,1
NAmerica,PWRHYDCANMW01,2026,1
NAmerica,PWRSPVCANMW01,2026,1
NAmerica,PWRWNDCANMW01,2026,1
NAmerica,PWRBIOCANMW01,2026,1
NAmerica,PWRHYDCANOT01,2026,1
NAmerica,PWRSPVCANOT01,2026,1
NAmerica,PWRWNDCANOT01,2026,1
NAmerica,PWRBIOCANOT01,2026,1
NAmerica,PWRHYDCANQC01,2026,1
NAmerica,PWRSPVCANQC01,2026,1
NAmerica,PWRWNDCANQC01,2026,1
NAmerica,PWRBIOCANQC01,2026,1
NAmerica,PWRHYDCANAT01,2026,1
NAmerica,PWRSPVCANAT01,2026,1
NAmerica,PWRWNDCANAT01,2026,1
NAmerica,PWRBIOCANAT01,2026,1
NAmerica,PWRHYDCANWS01,2027,1
NAmerica,PWRSPVCANWS01,2027,1
NAmerica,PWRWNDCANWS01,2027,1
NAmerica,PWRBIOCANWS01,2027,1
NAmerica,PWRHYDCANMW01,2027,1
NAmerica,PWRSPVCANMW01,2027,1
NAmerica,PWRWNDCANMW01,2027,1
NAmerica,PWRBIOCANMW01,2027,1
NAmerica,PWRHYDCANOT01,2027,1
NAmerica,PWRSPVCANOT01,2027,1
NAmerica,PWRWNDCANOT01,2027,1
NAmerica,PWRBIOCANOT01,2027,1
NAmerica,PWRHYDCANQC01,2027,1
NAmerica,PWRSPVCANQC01,2027,1
NAmerica,PWRWNDCANQC01,2027,1
NAmerica,PWRBIOCANQC01,2027,1
NAmerica,PWRHYDCANAT01,2027,1
NAmerica,PWRSPVCANAT01,2027,1
NAmerica,PWRWNDCANAT01,2027,1
NAmerica,PWRBIOCANAT01,2027,1
NAmerica,PWRHYDCANWS01,2028,1
NAmerica,PWRSPVCANWS01,2028,1
NAmerica,PWRWNDCANWS01,2028,1
NAmerica,PWRBIOCANWS01,2028,1
NAmerica,PWRHYDCANMW01,2028,1
NAmerica,PWRSPVCANMW01,2028,1
NAmerica,PWRWNDCANMW01,2028,1
NAmerica,PWRBIOCANMW01,2028,1
NAmerica,PWRHYDCANOT01,2028,1
NAmerica,PWRSPVCANOT01,2028,1
NAmerica,PWRWNDCANOT01,2028,1
NAmerica,PWRBIOCANOT01,2028,1
NAmerica,PWRHYDCANQC01,2028,1
NAmerica,PWRSPVCANQC01,2028,1
NAmerica,PWRWNDCANQC01,2028,1
NAmerica,PWRBIOCANQC01,2028,1
NAmerica,PWRHYDCANAT01,2028,1
NAmerica,PWRSPVCANAT01,2028,1
NAmerica,PWRWNDCANAT01,2028,1
NAmerica,PWRBIOCANAT01,2028,1
NAmerica,PWRHYDCANWS01,2029,1
NAmerica,PWRSPVCANWS01,2029,1
NAmerica,PWRWNDCANWS01,2029,1
NAmerica,PWRBIOCANWS01,2029,1
NAmerica,PWRHYDCANMW01,2029,1
NAmerica,PWRSPVCANMW01,2029,1
NAmerica,PWRWNDCANMW01,2029,1
NAmerica,PWRBIOCANMW01,2029,1
NAmerica,PWRHYDCANOT01,2029,1
NAmerica,PWRSPVCANOT01,2029,1
NAmerica,PWRWNDCANOT01,2029,1
NAmerica,PWRBIOCANOT01,2029,1
NAmerica,PWRHYDCANQC01,2029,1
NAmerica,PWRSPVCANQC01,2029,1
NAmerica,PWRWNDCANQC01,2029,1
NAmerica,PWRBIOCANQC01,2029,1
NAmerica,PWRHYDCANAT01,2029,1
NAmerica,PWRSPVCANAT01,2029,1
NAmerica,PWRWNDCANAT01,2029,1
NAmerica,PWRBIOCANAT01,2029,1
NAmerica,PWRHYDCANWS01,2030,1
NAmerica,PWRSPVCANWS01,2030,1
NAmerica,PWRWNDCANWS01,2030,1
NAmerica,PWRBIOCANWS01,2030,1
NAmerica,PWRHYDCANMW01,2030,1
NAmerica,PWRSPVCANMW01,2030,1
NAmerica,PWRWNDCANMW01,2030,1
NAmerica,PWRBIOCANMW01,2030,1
NAmerica,PWRHYDCANOT01,2030,1
NAmerica,PWRSPVCANOT01,2030,1
NAmerica,PWRWNDCANOT01,2030,1
NAmerica,PWRBIOCANOT01,2030,1
NAmerica,PWRHYDCANQC01,2030,1
NAmerica,PWRSPVCANQC01,2030,1
NAmerica,PWRWNDCANQC01,2030,1
NAmerica,PWRBIOCANQC01,2030,1
NAmerica,PWRHYDCANAT01,2030,1
NAmerica,PWRSPVCANAT01,2030,1
NAmerica,PWRWNDCANAT01,2030,1
NAmerica,PWRBIOCANAT01,2030,1
NAmerica,PWRHYDCANWS01,2031,1
NAmerica,PWRSPVCANWS01,2031,1
NAmerica,PWRWNDCANWS01,2031,1
NAmerica,PWRBIOCANWS01,2031,1
NAmerica,PWRHYDCANMW01,2031,1
NAmerica,PWRSPVCANMW01,2031,1
NAmerica,PWRWNDCANMW01,2031,1
NAmerica,PWRBIOCANMW01,2031,1
NAmerica,PWRHYDCANOT01,2031,1
NAmerica,PWRSPVCANOT01,2031,1
NAmerica,PWRWNDCANOT01,2031,1
NAmerica,PWRBIOCANOT01,2031,1
NAmerica,PWRHYDCANQC01,2031,1
NAmerica,PWRSPVCANQC01,2031,1
NAmerica,PWRWNDCANQC01,2031,1
NAmerica,PWRBIOCANQC01,2031,1
NAmerica,PWRHYDCANAT01,2031,1
NAmerica,PWRSPVCANAT01,2031,1
NAmerica,PWRWNDCANAT01,2031,1
NAmerica,PWRBIOCANAT01,2031,1
NAmerica,PWRHYDCANWS01,2032,1
NAmerica,PWRSPVCANWS01,2032,1
NAmerica,PWRWNDCANWS01,2032,1
NAmerica,PWRBIOCANWS01,2032,1
NAmerica,PWRHYDCANMW01,2032,1
NAmerica,PWRSPVCANMW01,2032,1
NAmerica,PWRWNDCANMW01,2032,1
NAmerica,PWRBIOCANMW01,2032,1
NAmerica,PWRHYDCANOT01,2032,1
NAmerica,PWRSPVCANOT01,2032,1
NAmerica,PWRWNDCANOT01,2032,1
NAmerica,PWRBIOCANOT01,2032,1
NAmerica,PWRHYDCANQC01,2032,1
NAmerica,PWRSPVCANQC01,2032,1
NAmerica,PWRWNDCANQC01,2032,1
NAmerica,PWRBIOCANQC01,2032,1
NAmerica,PWRHYDCANAT01,2032,1
NAmerica,PWRSPVCANAT01,2032,1
NAmerica,PWRWNDCANAT01,2032,1
NAmerica,PWRBIOCANAT01,2032,1
NAmerica,PWRHYDCANWS01,2033,1
NAmerica,PWRSPVCANWS01,2033,1
NAmerica,PWRWNDCANWS01,2033,1
NAmerica,PWRBIOCANWS01,2033,1
NAmerica,PWRHYDCANMW01,2033,1
NAmerica,PWRSPVCANMW01,2033,1
NAmerica,PWRWNDCANMW01,2033,1
NAmerica,PWRBIOCANMW01,2033,1
NAmerica,PWRHYDCANOT01,2033,1
NAmerica,PWRSPVCANOT01,2033,1
NAmerica,PWRWNDCANOT01,2033,1
NAmerica,PWRBIOCANOT01,2033,1
NAmerica,PWRHYDCANQC01,2033,1
NAmerica,PWRSPVCANQC01,2033,1
NAmerica,PWRWNDCANQC01,2033,1
NAmerica,PWRBIOCANQC01,2033,1
NAmerica,PWRHYDCANAT01,2033,1
NAmerica,PWRSPVCANAT01,2033,1
NAmerica,PWRWNDCANAT01,2033,1
NAmerica,PWRBIOCANAT01,2033,1
NAmerica,PWRHYDCANWS01,2034,1
NAmerica,PWRSPVCANWS01,2034,1
NAmerica,PWRWNDCANWS01,2034,1
NAmerica,PWRBIOCANWS01,2034,1
NAmerica,PWRHYDCANMW01,2034,1
NAmerica,PWRSPVCANMW01,2034,1
NAmerica,PWRWNDCANMW01,2034,1
NAmerica,PWRBIOCANMW01,2034,1
NAmerica,PWRHYDCANOT01,2034,1
NAmerica,PWRSPVCANOT01,2034,1
NAmerica,PWRWNDCANOT01,2034,1
NAmerica,PWRBIOCANOT01,2034,1
NAmerica,PWRHYDCANQC01,2034,1
NAmerica,PWRSPVCANQC01,2034,1
NAmerica,PWRWNDCANQC01,2034,1
NAmerica,PWRBIOCANQC01,2034,1
NAmerica,PWRHYDCANAT01,2034,1
NAmerica,PWRSPVCANAT01,2034,1
NAmerica,PWRWNDCANAT01,2034,1
NAmerica,PWRBIOCANAT01,2034,1
NAmerica,PWRHYDCANWS01,2035,1
NAmerica,PWRSPVCANWS01,2035,1
NAmerica,PWRWNDCANWS01,2035,1
NAmerica,PWRBIOCANWS01,2035,1
NAmerica,PWRHYDCANMW01,2035,1
NAmerica,PWRSPVCANMW01,2035,1
NAmerica,PWRWNDCANMW01,2035,1
NAmerica,PWRBIOCANMW01,2035,1
NAmerica,PWRHYDCANOT01,2035,1
NAmerica,PWRSPVCANOT01,2035,1
NAmerica,PWRWNDCANOT01,2035,1
NAmerica,PWRBIOCANOT01,2035,1
NAmerica,PWRHYDCANQC01,2035,1
NAmerica,PWRSPVCANQC01,2035,1
NAmerica,PWRWNDCANQC01,2035,1
NAmerica,PWRBIOCANQC01,2035,1
NAmerica,PWRHYDCANAT01,2035,1
NAmerica,PWRSPVCANAT01,2035,1
NAmerica,PWRWNDCANAT01,2035,1
NAmerica,PWRBIOCANAT01,2035,1
NAmerica,PWRHYDCANWS01,2036,1
NAmerica,PWRSPVCANWS01,2036,1
NAmerica,PWRWNDCANWS01,2036,1
NAmerica,PWRBIOCANWS01,2036,1
NAmerica,PWRHYDCANMW01,2036,1
NAmerica,PWRSPVCANMW01,2036,1
NAmerica,PWRWNDCANMW01,2036,1
NAmerica,PWRBIOCANMW01,2036,1
NAmerica,PWRHYDCANOT01,2036,1
NAmerica,PWRSPVCANOT01,2036,1
NAmerica,PWRWNDCANOT01,2036,1
NAmerica,PWRBIOCANOT01,2036,1
NAmerica,PWRHYDCANQC01,2036,1
NAmerica,PWRSPVCANQC01,2036,1
NAmerica,PWRWNDCANQC01,2036,1
NAmerica,PWRBIOCANQC01,2036,1
NAmerica,PWRHYDCANAT01,2036,1
NAmerica,PWRSPVCANAT01,2036,1
NAmerica,PWRWNDCANAT01,2036,1
NAmerica,PWRBIOCANAT01,2036,1
NAmerica,PWRHYDCANWS01,2037,1
NAmerica,PWRSPVCANWS01,2037,1
NAmerica,PWRWNDCANWS01,2037,1
NAmerica,PWRBIOCANWS01,2037,1
NAmerica,PWRHYDCANMW01,2037,1
NAmerica,PWRSPVCANMW01,2037,1
NAmerica,PWRWNDCANMW01,2037,1
NAmerica,PWRBIOCANMW01,2037,1
NAmerica,PWRHYDCANOT01,2037,1
NAmerica,PWRSPVCANOT01,2037,1
NAmerica,PWRWNDCANOT01,2037,1
NAmerica,PWRBIOCANOT01,2037,1
NAmerica,PWRHYDCANQC01,2037,1
NAmerica,PWRSPVCANQC01,2037,1
NAmerica,PWRWNDCANQC01,2037,1
NAmerica,PWRBIOCANQC01,2037,1
NAmerica,PWRHYDCANAT01,2037,1
NAmerica,PWRSPVCANAT01,2037,1
NAmerica,PWRWNDCANAT01,2037,1
NAmerica,PWRBIOCANAT01,2037,1
NAmerica,PWRHYDCANWS01,2038,1
NAmerica,PWRSPVCANWS01,2038,1
NAmerica,PWRWNDCANWS01,2038,1
NAmerica,PWRBIOCANWS01,2038,1
NAmerica,PWRHYDCANMW01,2038,1
NAmerica,PWRSPVCANMW01,2038,1
NAmerica,PWRWNDCANMW01,2038,1
NAmerica,PWRBIOCANMW01,2038,1
NAmerica,PWRHYDCANOT01,2038,1
NAmerica,PWRSPVCANOT01,2038,1
NAmerica,PWRWNDCANOT01,2038,1
NAmerica,PWRBIOCANOT01,2038,1
NAmerica,PWRHYDCANQC01,2038,1
NAmerica,PWRSPVCANQC01,2038,1
NAmerica,PWRWNDCANQC01,2038,1
NAmerica,PWRBIOCANQC01,2038,1
NAmerica,PWRHYDCANAT01,2038,1
NAmerica,PWRSPVCANAT01,2038,1
NAmerica,PWRWNDCANAT01,2038,1
NAmerica,PWRBIOCANAT01,2038,1
NAmerica,PWRHYDCANWS01,2039,1
NAmerica,PWRSPVCANWS01,2039,1
NAmerica,PWRWNDCANWS01,2039,1
NAmerica,PWRBIOCANWS01,2039,1
NAmerica,PWRHYDCANMW01,2039,1
NAmerica,PWRSPVCANMW01,2039,1
NAmerica,PWRWNDCANMW01,2039,1
NAmerica,PWRBIOCANMW01,2039,1
NAmerica,PWRHYDCANOT01,2039,1
NAmerica,PWRSPVCANOT01,2039,1
NAmerica,PWRWNDCANOT01,2039,1
NAmerica,PWRBIOCANOT01,2039,1
NAmerica,PWRHYDCANQC01,2039,1
NAmerica,PWRSPVCANQC01,2039,1
NAmerica,PWRWNDCANQC01,2039,1
NAmerica,PWRBIOCANQC01,2039,1
NAmerica,PWRHYDCANAT01,2039,1
NAmerica,PWRSPVCANAT01,2039,1
NAmerica,PWRWNDCANAT01,2039,1
NAmerica,PWRBIOCANAT01,2039,1
NAmerica,PWRHYDCANWS01,2040,1
NAmerica,PWRSPVCANWS01,2040,1
NAmerica,PWRWNDCANWS01,2040,1
NAmerica,PWRBIOCANWS01,2040,1
NAmerica,PWRHYDCANMW01,2040,1
NAmerica,PWRSPVCANMW01,2040,1
NAmerica,PWRWNDCANMW01,2040,1
NAmerica,PWRBIOCANMW01,2040,1
NAmerica,PWRHYDCANOT01,2040,1
NAmerica,PWRSPVCANOT01,2040,1
NAmerica,PWRWNDCANOT01,2040,1
NAmerica,PWRBIOCANOT01,2040,1
NAmerica,PWRHYDCANQC01,2040,1
NAmerica,PWRSPVCANQC01,2040,1
NAmerica,PWRWNDCANQC01,2040,1
NAmerica,PWRBIOCANQC01,2040,1
NAmerica,PWRHYDCANAT01,2040,1
NAmerica,PWRSPVCANAT01,2040,1
NAmerica,PWRWNDCANAT01,2040,1
NAmerica,PWRBIOCANAT01,2040,1
NAmerica,PWRHYDCANWS01,2041,1
NAmerica,PWRSPVCANWS01,2041,1
NAmerica,PWRWNDCANWS01,2041,1
NAmerica,PWRBIOCANWS01,2041,1
NAmerica,PWRHYDCANMW01,2041,1
NAmerica,PWRSPVCANMW01,2041,1
NAmerica,PWRWNDCANMW01,2041,1
NAmerica,PWRBIOCANMW01,2041,1
NAmerica,PWRHYDCANOT01,2041,1
NAmerica,PWRSPVCANOT01,2041,1
NAmerica,PWRWNDCANOT01,2041,1
NAmerica,PWRBIOCANOT01,2041,1
NAmerica,PWRHYDCANQC01,2041,1
NAmerica,PWRSPVCANQC01,2041,1
NAmerica,PWRWNDCANQC01,2041,1
NAmerica,PWRBIOCANQC01,2041,1
NAmerica,PWRHYDCANAT01,2041,1
NAmerica,PWRSPVCANAT01,2041,1
NAmerica,PWRWNDCANAT01,2041,1
NAmerica,PWRBIOCANAT01,2041,1
NAmerica,PWRHYDCANWS01,2042,1
NAmerica,PWRSPVCANWS01,2042,1
NAmerica,PWRWNDCANWS01,2042,1
NAmerica,PWRBIOCANWS01,2042,1
NAmerica,PWRHYDCANMW01,2042,1
NAmerica,PWRSPVCANMW01,2042,1
NAmerica,PWRWNDCANMW01,2042,1
NAmerica,PWRBIOCANMW01,2042,1
NAmerica,PWRHYDCANOT01,2042,1
NAmerica,PWRSPVCANOT01,2042,1
NAmerica,PWRWNDCANOT01,2042,1
NAmerica,PWRBIOCANOT01,2042,1
NAmerica,PWRHYDCANQC01,2042,1
NAmerica,PWRSPVCANQC01,2042,1
NAmerica,PWRWNDCANQC01,2042,1
NAmerica,PWRBIOCANQC01,2042,1
NAmerica,PWRHYDCANAT01,2042,1
NAmerica,PWRSPVCANAT01,2042,1
NAmerica,PWRWNDCANAT01,2042,1
NAmerica,PWRBIOCANAT01,2042,1
NAmerica,PWRHYDCANWS01,2043,1
NAmerica,PWRSPVCANWS01,2043,1
NAmerica,PWRWNDCANWS01,2043,1
NAmerica,PWRBIOCANWS01,2043,1
NAmerica,PWRHYDCANMW01,2043,1
NAmerica,PWRSPVCANMW01,2043,1
NAmerica,PWRWNDCANMW01,2043,1
NAmerica,PWRBIOCANMW01,2043,1
NAmerica,PWRHYDCANOT01,2043,1
NAmerica,PWRSPVCANOT01,2043,1
NAmerica,PWRWNDCANOT01,2043,1
NAmerica,PWRBIOCANOT01,2043,1
NAmerica,PWRHYDCANQC01,2043,1
NAmerica,PWRSPVCANQC01,2043,1
NAmerica,PWRWNDCANQC01,2043,1
NAmerica,PWRBIOCANQC01,2043,1
NAmerica,PWRHYDCANAT01,2043,1
NAmerica,PWRSPVCANAT01,2043,1
NAmerica,PWRWNDCANAT01,2043,1
NAmerica,PWRBIOCANAT01,2043,1
NAmerica,PWRHYDCANWS01,2044,1
NAmerica,PWRSPVCANWS01,2044,1
NAmerica,PWRWNDCANWS01,2044,1
NAmerica,PWRBIOCANWS01,2044,1
NAmerica,PWRHYDCANMW01,2044,1
NAmerica,PWRSPVCANMW01,2044,1
NAmerica,PWRWNDCANMW01,2044,1
NAmerica,PWRBIOCANMW01,2044,1
NAmerica,PWRHYDCANOT01,2044,1
NAmerica,PWRSPVCANOT01,2044,1
NAmerica,PWRWNDCANOT01,2044,1
NAmerica,PWRBIOCANOT01,2044,1
NAmerica,PWRHYDCANQC01,2044,1
NAmerica,PWRSPVCANQC01,2044,1
NAmerica,PWRWNDCANQC01,2044,1
NAmerica,PWRBIOCANQC01,2044,1
NAmerica,PWRHYDCANAT01,2044,1
NAmerica,PWRSPVCANAT01,2044,1
NAmerica,PWRWNDCANAT01,2044,1
NAmerica,PWRBIOCANAT01,2044,1
NAmerica,PWRHYDCANWS01,2045,1
NAmerica,PWRSPVCANWS01,2045,1
NAmerica,PWRWNDCANWS01,2045,1
NAmerica,PWRBIOCANWS01,2045,1
NAmerica,PWRHYDCANMW01,2045,1
NAmerica,PWRSPVCANMW01,2045,1
NAmerica,PWRWNDCANMW01,2045,1
NAmerica,PWRBIOCANMW01,2045,1
NAmerica,PWRHYDCANOT01,2045,1
NAmerica,PWRSPVCANOT01,2045,1
NAmerica,PWRWNDCANOT01,2045,1
NAmerica,PWRBIOCANOT01,2045,1
NAmerica,PWRHYDCANQC01,2045,1
NAmerica,PWRSPVCANQC01,2045,1
NAmerica,PWRWNDCANQC01,2045,1
NAmerica,PWRBIOCANQC01,2045,1
NAmerica,PWRHYDCANAT01,2045,1
NAmerica,PWRSPVCANAT01,2045,1
NAmerica,PWRWNDCANAT01,2045,1
NAmerica,PWRBIOCANAT01,2045,1
NAmerica,PWRHYDCANWS01,2046,1
NAmerica,PWRSPVCANWS01,2046,1
NAmerica,PWRWNDCANWS01,2046,1
NAmerica,PWRBIOCANWS01,2046,1
NAmerica,PWRHYDCANMW01,2046,1
NAmerica,PWRSPVCANMW01,2046,1
NAmerica,PWRWNDCANMW01,2046,1
NAmerica,PWRBIOCANMW01,2046,1
NAmerica,PWRHYDCANOT01,2046,1
NAmerica,PWRSPVCANOT01,2046,1
NAmerica,PWRWNDCANOT01,2046,1
NAmerica,PWRBIOCANOT01,2046,1
NAmerica,PWRHYDCANQC01,2046,1
NAmerica,PWRSPVCANQC01,2046,1
NAmerica,PWRWNDCANQC01,2046,1
NAmerica,PWRBIOCANQC01,2046,1
NAmerica,PWRHYDCANAT01,2046,1
NAmerica,PWRSPVCANAT01,2046,1
NAmerica,PWRWNDCANAT01,2046,1
NAmerica,PWRBIOCANAT01,2046,1
NAmerica,PWRHYDCANWS01,2047,1
NAmerica,PWRSPVCANWS01,2047,1
NAmerica,PWRWNDCANWS01,2047,1
NAmerica,PWRBIOCANWS01,2047,1
NAmerica,PWRHYDCANMW01,2047,1
NAmerica,PWRSPVCANMW01,2047,1
NAmerica,PWRWNDCANMW01,2047,1
NAmerica,PWRBIOCANMW01,2047,1
NAmerica,PWRHYDCANOT01,2047,1
NAmerica,PWRSPVCANOT01,2047,1
NAmerica,PWRWNDCANOT01,2047,1
NAmerica,PWRBIOCANOT01,2047,1
NAmerica,PWRHYDCANQC01,2047,1
NAmerica,PWRSPVCANQC01,2047,1
NAmerica,PWRWNDCANQC01,2047,1
NAmerica,PWRBIOCANQC01,2047,1
NAmerica,PWRHYDCANAT01,2047,1
NAmerica,PWRSPVCANAT01,2047,1
NAmerica,PWRWNDCANAT01,2047,1
NAmerica,PWRBIOCANAT01,2047,1
NAmerica,PWRHYDCANWS01,2048,1
NAmerica,PWRSPVCANWS01,2048,1
NAmerica,PWRWNDCANWS01,2048,1
NAmerica,PWRBIOCANWS01,2048,1
NAmerica,PWRHYDCANMW01,2048,1
NAmerica,PWRSPVCANMW01,2048,1
NAmerica,PWRWNDCANMW01,2048,1
NAmerica,PWRBIOCANMW01,2048,1
NAmerica,PWRHYDCANOT01,2048,1
NAmerica,PWRSPVCANOT01,2048,1
NAmerica,PWRWNDCANOT01,2048,1
NAmerica,PWRBIOCANOT01,2048,1
NAmerica,PWRHYDCANQC01,2048,1
NAmerica,PWRSPVCANQC01,2048,1
NAmerica,PWRWNDCANQC01,2048,1
NAmerica,PWRBIOCANQC01,2048,1
NAmerica,PWRHYDCANAT01,2048,1
NAmerica,PWRSPVCANAT01,2048,1
NAmerica,PWRWNDCANAT01,2048,1
NAmerica,PWRBIOCANAT01,2048,1
NAmerica,PWRHYDCANWS01,2049,1
NAmerica,PWRSPVCANWS01,2049,1
NAmerica,PWRWNDCANWS01,2049,1
NAmerica,PWRBIOCANWS01,2049,1
NAmerica,PWRHYDCANMW01,2049,1
NAmerica,PWRSPVCANMW01,2049,1
NAmerica,PWRWNDCANMW01,2049,1
NAmerica,PWRBIOCANMW01,2049,1
NAmerica,PWRHYDCANOT01,2049,1
NAmerica,PWRSPVCANOT01,2049,1
NAmerica,PWRWNDCANOT01,2049,1
NAmerica,PWRBIOCANOT01,2049,1
NAmerica,PWRHYDCANQC01,2049,1
NAmerica,PWRSPVCANQC01,2049,1
NAmerica,PWRWNDCANQC01,2049,1
NAmerica,PWRBIOCANQC01,2049,1
NAmerica,PWRHYDCANAT01,2049,1
NAmerica,PWRSPVCANAT01,2049,1
NAmerica,PWRWNDCANAT01,2049,1
NAmerica,PWRBIOCANAT01,2049,1
NAmerica,PWRHYDCANWS01,2050,1
NAmerica,PWRSPVCANWS01,2050,1
NAmerica,PWRWNDCANWS01,2050,1
NAmerica,PWRBIOCANWS01,2050,1
NAmerica,PWRHYDCANMW01,2050,1
NAmerica,PWRSPVCANMW01,2050,1
NAmerica,PWRWNDCANMW01,2050,1
NAmerica,PWRBIOCANMW01,2050,1
NAmerica,PWRHYDCANOT01,2050,1
NAmerica,PWRSPVCANOT01,2050,1
NAmerica,PWRWNDCANOT01,2050,1
NAmerica,PWRBIOCANOT01,2050,1
NAmerica,PWRHYDCANQC01,2050,1
NAmerica,PWRSPVCANQC01,2050,1
NAmerica,PWRWNDCANQC01,2050,1
NAmerica,PWRBIOCANQC01,2050,1
NAmerica,PWRHYDCANAT01,2050,1
NAmerica,PWRSPVCANAT01,2050,1
NAmerica,PWRWNDCANAT01,2050,1
NAmerica,PWRBIOCANAT01,2050,1
NAmerica,PWRHYDUSASW01,2019,1
NAmerica,PWRWNDUSASW01,2019,1
NAmerica,PWRBIOUSASW01,2019,1
NAmerica,PWRSPVUSASW01,2019,1
NAmerica,PWRHYDUSATX01,2019,1
NAmerica,PWRWNDUSATX01,2019,1
NAmerica,PWRBIOUSATX01,2019,1
NAmerica,PWRSPVUSATX01,2019,1
NAmerica,PWRHYDUSANY01,2019,1
NAmerica,PWRWNDUSANY01,2019,1
NAmerica,PWRBIOUSANY01,2019,1
NAmerica,PWRSPVUSANY01,2019,1
NAmerica,PWRHYDUSANE01,2019,1
NAmerica,PWRWNDUSANE01,2019,1
NAmerica,PWRBIOUSANE01,2019,1
NAmerica,PWRSPVUSANE01,2019,1
NAmerica,PWRHYDUSAMN01,2019,1
NAmerica,PWRWNDUSAMN01,2019,1
NAmerica,PWRBIOUSAMN01,2019,1
NAmerica,PWRSPVUSAMN01,2019,1
NAmerica,PWRHYDUSAAL01,2019,1
NAmerica,PWRWNDUSAAL01,2019,1
NAmerica,PWRBIOUSAAL01,2019,1
NAmerica,PWRSPVUSAAL01,2019,1
NAmerica,PWRHYDUSAMW01,2019,1
NAmerica,PWRWNDUSAMW01,2019,1
NAmerica,PWRBIOUSAMW01,2019,1
NAmerica,PWRSPVUSAMW01,2019,1
NAmerica,PWRHYDUSASE01,2019,1
NAmerica,PWRWNDUSASE01,2019,1
NAmerica,PWRBIOUSASE01,2019,1
NAmerica,PWRSPVUSASE01,2019,1
NAmerica,PWRHYDUSAMA01,2019,1
NAmerica,PWRWNDUSAMA01,2019,1
NAmerica,PWRBIOUSAMA01,2019,1
NAmerica,PWRSPVUSAMA01,2019,1
NAmerica,PWRHYDUSACA01,2019,1
NAmerica,PWRWNDUSACA01,2019,1
NAmerica,PWRBIOUSACA01,2019,1
NAmerica,PWRSPVUSACA01,2019,1
NAmerica,PWRHYDUSAFL01,2019,1
NAmerica,PWRWNDUSAFL01,2019,1
NAmerica,PWRBIOUSAFL01,2019,1
NAmerica,PWRSPVUSAFL01,2019,1
NAmerica,PWRHYDUSANW01,2019,1
NAmerica,PWRWNDUSANW01,2019,1
NAmerica,PWRBIOUSANW01,2019,1
NAmerica,PWRSPVUSANW01,2019,1
NAmerica,PWRHYDUSACE01,2019,1
NAmerica,PWRWNDUSACE01,2019,1
NAmerica,PWRBIOUSACE01,2019,1
NAmerica,PWRSPVUSACE01,2019,1
NAmerica,PWRHYDUSASW01,2020,1
NAmerica,PWRWNDUSASW01,2020,1
NAmerica,PWRBIOUSASW01,2020,1
NAmerica,PWRSPVUSASW01,2020,1
NAmerica,PWRHYDUSATX01,2020,1
NAmerica,PWRWNDUSATX01,2020,1
NAmerica,PWRBIOUSATX01,2020,1
NAmerica,PWRSPVUSATX01,2020,1
NAmerica,PWRHYDUSANY01,2020,1
NAmerica,PWRWNDUSANY01,2020,1
NAmerica,PWRBIOUSANY01,2020,1
NAmerica,PWRSPVUSANY01,2020,1
NAmerica,PWRHYDUSANE01,2020,1
NAmerica,PWRWNDUSANE01,2020,1
NAmerica,PWRBIOUSANE01,2020,1
NAmerica,PWRSPVUSANE01,2020,1
NAmerica,PWRHYDUSAMN01,2020,1
NAmerica,PWRWNDUSAMN01,2020,1
NAmerica,PWRBIOUSAMN01,2020,1
NAmerica,PWRSPVUSAMN01,2020,1
NAmerica,PWRHYDUSAAL01,2020,1
NAmerica,PWRWNDUSAAL01,2020,1
NAmerica,PWRBIOUSAAL01,2020,1
NAmerica,PWRSPVUSAAL01,2020,1
NAmerica,PWRHYDUSAMW01,2020,1
NAmerica,PWRWNDUSAMW01,2020,1
NAmerica,PWRBIOUSAMW01,2020,1
NAmerica,PWRSPVUSAMW01,2020,1
NAmerica,PWRHYDUSASE01,2020,1
NAmerica,PWRWNDUSASE01,2020,1
NAmerica,PWRBIOUSASE01,2020,1
NAmerica,PWRSPVUSASE01,2020,1
NAmerica,PWRHYDUSAMA01,2020,1
NAmerica,PWRWNDUSAMA01,2020,1
NAmerica,PWRBIOUSAMA01,2020,1
NAmerica,PWRSPVUSAMA01,2020,1
NAmerica,PWRHYDUSACA01,2020,1
NAmerica,PWRWNDUSACA01,2020,1
NAmerica,PWRBIOUSACA01,2020,1
NAmerica,PWRSPVUSACA01,2020,1
NAmerica,PWRHYDUSAFL01,2020,1
NAmerica,PWRWNDUSAFL01,2020,1
NAmerica,PWRBIOUSAFL01,2020,1
NAmerica,PWRSPVUSAFL01,2020,1
NAmerica,PWRHYDUSANW01,2020,1
NAmerica,PWRWNDUSANW01,2020,1
NAmerica,PWRBIOUSANW01,2020,1
NAmerica,PWRSPVUSANW01,2020,1
NAmerica,PWRHYDUSACE01,2020,1
NAmerica,PWRWNDUSACE01,2020,1
NAmerica,PWRBIOUSACE01,2020,1
NAmerica,PWRSPVUSACE01,2020,1
NAmerica,PWRHYDUSASW01,2021,1
NAmerica,PWRWNDUSASW01,2021,1
NAmerica,PWRBIOUSASW01,2021,1
NAmerica,PWRSPVUSASW01,2021,1
NAmerica,PWRHYDUSATX01,2021,1
NAmerica,PWRWNDUSATX01,2021,1
NAmerica,PWRBIOUSATX01,2021,1
NAmerica,PWRSPVUSATX01,2021,1
NAmerica,PWRHYDUSANY01,2021,1
NAmerica,PWRWNDUSANY01,2021,1
NAmerica,PWRBIOUSANY01,2021,1
NAmerica,PWRSPVUSANY01,2021,1
NAmerica,PWRHYDUSANE01,2021,1
NAmerica,PWRWNDUSANE01,2021,1
NAmerica,PWRBIOUSANE01,2021,1
NAmerica,PWRSPVUSANE01,2021,1
NAmerica,PWRHYDUSAMN01,2021,1
NAmerica,PWRWNDUSAMN01,2021,1
NAmerica,PWRBIOUSAMN01,2021,1
NAmerica,PWRSPVUSAMN01,2021,1
NAmerica,PWRHYDUSAAL01,2021,1
NAmerica,PWRWNDUSAAL01,2021,1
NAmerica,PWRBIOUSAAL01,2021,1
NAmerica,PWRSPVUSAAL01,2021,1
NAmerica,PWRHYDUSAMW01,2021,1
NAmerica,PWRWNDUSAMW01,2021,1
NAmerica,PWRBIOUSAMW01,2021,1
NAmerica,PWRSPVUSAMW01,2021,1
NAmerica,PWRHYDUSASE01,2021,1
NAmerica,PWRWNDUSASE01,2021,1
NAmerica,PWRBIOUSASE01,2021,1
NAmerica,PWRSPVUSASE01,2021,1
NAmerica,PWRHYDUSAMA01,2021,1
NAmerica,PWRWNDUSAMA01,2021,1
NAmerica,PWRBIOUSAMA01,2021,1
NAmerica,PWRSPVUSAMA01,2021,1
NAmerica,PWRHYDUSACA01,2021,1
NAmerica,PWRWNDUSACA01,2021,1
NAmerica,PWRBIOUSACA01,2021,1
NAmerica,PWRSPVUSACA01,2021,1
NAmerica,PWRHYDUSAFL01,2021,1
NAmerica,PWRWNDUSAFL01,2021,1
NAmerica,PWRBIOUSAFL01,2021,1
NAmerica,PWRSPVUSAFL01,2021,1
NAmerica,PWRHYDUSANW01,2021,1
NAmerica,PWRWNDUSANW01,2021,1
NAmerica,PWRBIOUSANW01,2021,1
NAmerica,PWRSPVUSANW01,2021,1
NAmerica,PWRHYDUSACE01,2021,1
NAmerica,PWRWNDUSACE01,2021,1
NAmerica,PWRBIOUSACE01,2021,1
NAmerica,PWRSPVUSACE01,2021,1
NAmerica,PWRHYDUSASW01,2022,1
NAmerica,PWRWNDUSASW01,2022,1
NAmerica,PWRBIOUSASW01,2022,1
NAmerica,PWRSPVUSASW01,2022,1
NAmerica,PWRHYDUSATX01,2022,1
NAmerica,PWRWNDUSATX01,2022,1
NAmerica,PWRBIOUSATX01,2022,1
NAmerica,PWRSPVUSATX01,2022,1
NAmerica,PWRHYDUSANY01,2022,1
NAmerica,PWRWNDUSANY01,2022,1
NAmerica,PWRBIOUSANY01,2022,1
NAmerica,PWRSPVUSANY01,2022,1
NAmerica,PWRHYDUSANE01,2022,1
NAmerica,PWRWNDUSANE01,2022,1
NAmerica,PWRBIOUSANE01,2022,1
NAmerica,PWRSPVUSANE01,2022,1
NAmerica,PWRHYDUSAMN01,2022,1
NAmerica,PWRWNDUSAMN01,2022,1
NAmerica,PWRBIOUSAMN01,2022,1
NAmerica,PWRSPVUSAMN01,2022,1
NAmerica,PWRHYDUSAAL01,2022,1
NAmerica,PWRWNDUSAAL01,2022,1
NAmerica,PWRBIOUSAAL01,2022,1
NAmerica,PWRSPVUSAAL01,2022,1
NAmerica,PWRHYDUSAMW01,2022,1
NAmerica,PWRWNDUSAMW01,2022,1
NAmerica,PWRBIOUSAMW01,2022,1
NAmerica,PWRSPVUSAMW01,2022,1
NAmerica,PWRHYDUSASE01,2022,1
NAmerica,PWRWNDUSASE01,2022,1
NAmerica,PWRBIOUSASE01,2022,1
NAmerica,PWRSPVUSASE01,2022,1
NAmerica,PWRHYDUSAMA01,2022,1
NAmerica,PWRWNDUSAMA01,2022,1
NAmerica,PWRBIOUSAMA01,2022,1
NAmerica,PWRSPVUSAMA01,2022,1
NAmerica,PWRHYDUSACA01,2022,1
NAmerica,PWRWNDUSACA01,2022,1
NAmerica,PWRBIOUSACA01,2022,1
NAmerica,PWRSPVUSACA01,2022,1
NAmerica,PWRHYDUSAFL01,2022,1
NAmerica,PWRWNDUSAFL01,2022,1
NAmerica,PWRBIOUSAFL01,2022,1
NAmerica,PWRSPVUSAFL01,2022,1
NAmerica,PWRHYDUSANW01,2022,1
NAmerica,PWRWNDUSANW01,2022,1
NAmerica,PWRBIOUSANW01,2022,1
NAmerica,PWRSPVUSANW01,2022,1
NAmerica,PWRHYDUSACE01,2022,1
NAmerica,PWRWNDUSACE01,2022,1
NAmerica,PWRBIOUSACE01,2022,1
NAmerica,PWRSPVUSACE01,2022,1
NAmerica,PWRHYDUSASW01,2023,1
NAmerica,PWRWNDUSASW01,2023,1
NAmerica,PWRBIOUSASW01,2023,1
NAmerica,PWRSPVUSASW01,2023,1
NAmerica,PWRHYDUSATX01,2023,1
NAmerica,PWRWNDUSATX01,2023,1
NAmerica,PWRBIOUSATX01,2023,1
NAmerica,PWRSPVUSATX01,2023,1
NAmerica,PWRHYDUSANY01,2023,1
NAmerica,PWRWNDUSANY01,2023,1
NAmerica,PWRBIOUSANY01,2023,1
NAmerica,PWRSPVUSANY01,2023,1
NAmerica,PWRHYDUSANE01,2023,1
NAmerica,PWRWNDUSANE01,2023,1
NAmerica,PWRBIOUSANE01,2023,1
NAmerica,PWRSPVUSANE01,2023,1
NAmerica,PWRHYDUSAMN01,2023,1
NAmerica,PWRWNDUSAMN01,2023,1
NAmerica,PWRBIOUSAMN01,2023,1
NAmerica,PWRSPVUSAMN01,2023,1
NAmerica,PWRHYDUSAAL01,2023,1
NAmerica,PWRWNDUSAAL01,2023,1
NAmerica,PWRBIOUSAAL01,2023,1
NAmerica,PWRSPVUSAAL01,2023,1
NAmerica,PWRHYDUSAMW01,2023,1
NAmerica,PWRWNDUSAMW01,2023,1
NAmerica,PWRBIOUSAMW01,2023,1
NAmerica,PWRSPVUSAMW01,2023,1
NAmerica,PWRHYDUSASE01,2023,1
NAmerica,PWRWNDUSASE01,2023,1
NAmerica,PWRBIOUSASE01,2023,1
NAmerica,PWRSPVUSASE01,2023,1
NAmerica,PWRHYDUSAMA01,2023,1
NAmerica,PWRWNDUSAMA01,2023,1
NAmerica,PWRBIOUSAMA01,2023,1
NAmerica,PWRSPVUSAMA01,2023,1
NAmerica,PWRHYDUSACA01,2023,1
NAmerica,PWRWNDUSACA01,2023,1
NAmerica,PWRBIOUSACA01,2023,1
NAmerica,PWRSPVUSACA01,2023,1
NAmerica,PWRHYDUSAFL01,2023,1
NAmerica,PWRWNDUSAFL01,2023,1
NAmerica,PWRBIOUSAFL01,2023,1
NAmerica,PWRSPVUSAFL01,2023,1
NAmerica,PWRHYDUSANW01,2023,1
NAmerica,PWRWNDUSANW01,2023,1
NAmerica,PWRBIOUSANW01,2023,1
NAmerica,PWRSPVUSANW01,2023,1
NAmerica,PWRHYDUSACE01,2023,1
NAmerica,PWRWNDUSACE01,2023,1
NAmerica,PWRBIOUSACE01,2023,1
NAmerica,PWRSPVUSACE01,2023,1
NAmerica,PWRHYDUSASW01,2024,1
NAmerica,PWRWNDUSASW01,2024,1
NAmerica,PWRBIOUSASW01,2024,1
NAmerica,PWRSPVUSASW01,2024,1
NAmerica,PWRHYDUSATX01,2024,1
NAmerica,PWRWNDUSATX01,2024,1
NAmerica,PWRBIOUSATX01,2024,1
NAmerica,PWRSPVUSATX01,2024,1
NAmerica,PWRHYDUSANY01,2024,1
NAmerica,PWRWNDUSANY01,2024,1
NAmerica,PWRBIOUSANY01,2024,1
NAmerica,PWRSPVUSANY01,2024,1
NAmerica,PWRHYDUSANE01,2024,1
NAmerica,PWRWNDUSANE01,2024,1
NAmerica,PWRBIOUSANE01,2024,1
NAmerica,PWRSPVUSANE01,2024,1
NAmerica,PWRHYDUSAMN01,2024,1
NAmerica,PWRWNDUSAMN01,2024,1
NAmerica,PWRBIOUSAMN01,2024,1
NAmerica,PWRSPVUSAMN01,2024,1
NAmerica,PWRHYDUSAAL01,2024,1
NAmerica,PWRWNDUSAAL01,2024,1
NAmerica,PWRBIOUSAAL01,2024,1
NAmerica,PWRSPVUSAAL01,2024,1
NAmerica,PWRHYDUSAMW01,2024,1
NAmerica,PWRWNDUSAMW01,2024,1
NAmerica,PWRBIOUSAMW01,2024,1
NAmerica,PWRSPVUSAMW01,2024,1
NAmerica,PWRHYDUSASE01,2024,1
NAmerica,PWRWNDUSASE01,2024,1
NAmerica,PWRBIOUSASE01,2024,1
NAmerica,PWRSPVUSASE01,2024,1
NAmerica,PWRHYDUSAMA01,2024,1
NAmerica,PWRWNDUSAMA01,2024,1
NAmerica,PWRBIOUSAMA01,2024,1
NAmerica,PWRSPVUSAMA01,2024,1
NAmerica,PWRHYDUSACA01,2024,1
NAmerica,PWRWNDUSACA01,2024,1
NAmerica,PWRBIOUSACA01,2024,1
NAmerica,PWRSPVUSACA01,2024,1
NAmerica,PWRHYDUSAFL01,2024,1
NAmerica,PWRWNDUSAFL01,2024,1
NAmerica,PWRBIOUSAFL01,2024,1
NAmerica,PWRSPVUSAFL01,2024,1
NAmerica,PWRHYDUSANW01,2024,1
NAmerica,PWRWNDUSANW01,2024,1
NAmerica,PWRBIOUSANW01,2024,1
NAmerica,PWRSPVUSANW01,2024,1
NAmerica,PWRHYDUSACE01,2024,1
NAmerica,PWRWNDUSACE01,2024,1
NAmerica,PWRBIOUSACE01,2024,1
NAmerica,PWRSPVUSACE01,2024,1
NAmerica,PWRHYDUSASW01,2025,1
NAmerica,PWRWNDUSASW01,2025,1
NAmerica,PWRBIOUSASW01,2025,1
NAmerica,PWRSPVUSASW01,2025,1
NAmerica,PWRHYDUSATX01,2025,1
NAmerica,PWRWNDUSATX01,2025,1
NAmerica,PWRBIOUSATX01,2025,1
NAmerica,PWRSPVUSATX01,2025,1
NAmerica,PWRHYDUSANY01,2025,1
NAmerica,PWRWNDUSANY01,2025,1
NAmerica,PWRBIOUSANY01,2025,1
NAmerica,PWRSPVUSANY01,2025,1
NAmerica,PWRHYDUSANE01,2025,1
NAmerica,PWRWNDUSANE01,2025,1
NAmerica,PWRBIOUSANE01,2025,1
NAmerica,PWRSPVUSANE01,2025,1
NAmerica,PWRHYDUSAMN01,2025,1
NAmerica,PWRWNDUSAMN01,2025,1
NAmerica,PWRBIOUSAMN01,2025,1
NAmerica,PWRSPVUSAMN01,2025,1
NAmerica,PWRHYDUSAAL01,2025,1
NAmerica,PWRWNDUSAAL01,2025,1
NAmerica,PWRBIOUSAAL01,2025,1
NAmerica,PWRSPVUSAAL01,2025,1
NAmerica,PWRHYDUSAMW01,2025,1
NAmerica,PWRWNDUSAMW01,2025,1
NAmerica,PWRBIOUSAMW01,2025,1
NAmerica,PWRSPVUSAMW01,2025,1
NAmerica,PWRHYDUSASE01,2025,1
NAmerica,PWRWNDUSASE01,2025,1
NAmerica,PWRBIOUSASE01,2025,1
NAmerica,PWRSPVUSASE01,2025,1
NAmerica,PWRHYDUSAMA01,2025,1
NAmerica,PWRWNDUSAMA01,2025,1
NAmerica,PWRBIOUSAMA01,2025,1
NAmerica,PWRSPVUSAMA01,2025,1
NAmerica,PWRHYDUSACA01,2025,1
NAmerica,PWRWNDUSACA01,2025,1
NAmerica,PWRBIOUSACA01,2025,1
NAmerica,PWRSPVUSACA01,2025,1
NAmerica,PWRHYDUSAFL01,2025,1
NAmerica,PWRWNDUSAFL01,2025,1
NAmerica,PWRBIOUSAFL01,2025,1
NAmerica,PWRSPVUSAFL01,2025,1
NAmerica,PWRHYDUSANW01,2025,1
NAmerica,PWRWNDUSANW01,2025,1
NAmerica,PWRBIOUSANW01,2025,1
NAmerica,PWRSPVUSANW01,2025,1
NAmerica,PWRHYDUSACE01,2025,1
NAmerica,PWRWNDUSACE01,2025,1
NAmerica,PWRBIOUSACE01,2025,1
NAmerica,PWRSPVUSACE01,2025,1
NAmerica,PWRHYDUSASW01,2026,1
NAmerica,PWRWNDUSASW01,2026,1
NAmerica,PWRBIOUSASW01,2026,1
NAmerica,PWRSPVUSASW01,2026,1
NAmerica,PWRHYDUSATX01,2026,1
NAmerica,PWRWNDUSATX01,2026,1
NAmerica,PWRBIOUSATX01,2026,1
NAmerica,PWRSPVUSATX01,2026,1
NAmerica,PWRHYDUSANY01,2026,1
NAmerica,PWRWNDUSANY01,2026,1
NAmerica,PWRBIOUSANY01,2026,1
NAmerica,PWRSPVUSANY01,2026,1
NAmerica,PWRHYDUSANE01,2026,1
NAmerica,PWRWNDUSANE01,2026,1
NAmerica,PWRBIOUSANE01,2026,1
NAmerica,PWRSPVUSANE01,2026,1
NAmerica,PWRHYDUSAMN01,2026,1
NAmerica,PWRWNDUSAMN01,2026,1
NAmerica,PWRBIOUSAMN01,2026,1
NAmerica,PWRSPVUSAMN01,2026,1
NAmerica,PWRHYDUSAAL01,2026,1
NAmerica,PWRWNDUSAAL01,2026,1
NAmerica,PWRBIOUSAAL01,2026,1
NAmerica,PWRSPVUSAAL01,2026,1
NAmerica,PWRHYDUSAMW01,2026,1
NAmerica,PWRWNDUSAMW01,2026,1
NAmerica,PWRBIOUSAMW01,2026,1
NAmerica,PWRSPVUSAMW01,2026,1
NAmerica,PWRHYDUSASE01,2026,1
NAmerica,PWRWNDUSASE01,2026,1
NAmerica,PWRBIOUSASE01,2026,1
NAmerica,PWRSPVUSASE01,2026,1
NAmerica,PWRHYDUSAMA01,2026,1
NAmerica,PWRWNDUSAMA01,2026,1
NAmerica,PWRBIOUSAMA01,2026,1
NAmerica,PWRSPVUSAMA01,2026,1
NAmerica,PWRHYDUSACA01,2026,1
NAmerica,PWRWNDUSACA01,2026,1
NAmerica,PWRBIOUSACA01,2026,1
NAmerica,PWRSPVUSACA01,2026,1
NAmerica,PWRHYDUSAFL01,2026,1
NAmerica,PWRWNDUSAFL01,2026,1
NAmerica,PWRBIOUSAFL01,2026,1
NAmerica,PWRSPVUSAFL01,2026,1
NAmerica,PWRHYDUSANW01,2026,1
NAmerica,PWRWNDUSANW01,2026,1
NAmerica,PWRBIOUSANW01,2026,1
NAmerica,PWRSPVUSANW01,2026,1
NAmerica,PWRHYDUSACE01,2026,1
NAmerica,PWRWNDUSACE01,2026,1
NAmerica,PWRBIOUSACE01,2026,1
NAmerica,PWRSPVUSACE01,2026,1
NAmerica,PWRHYDUSASW01,2027,1
NAmerica,PWRWNDUSASW01,2027,1
NAmerica,PWRBIOUSASW01,2027,1
NAmerica,PWRSPVUSASW01,2027,1
NAmerica,PWRHYDUSATX01,2027,1
NAmerica,PWRWNDUSATX01,2027,1
NAmerica,PWRBIOUSATX01,2027,1
NAmerica,PWRSPVUSATX01,2027,1
NAmerica,PWRHYDUSANY01,2027,1
NAmerica,PWRWNDUSANY01,2027,1
NAmerica,PWRBIOUSANY01,2027,1
NAmerica,PWRSPVUSANY01,2027,1
NAmerica,PWRHYDUSANE01,2027,1
NAmerica,PWRWNDUSANE01,2027,1
NAmerica,PWRBIOUSANE01,2027,1
NAmerica,PWRSPVUSANE01,2027,1
NAmerica,PWRHYDUSAMN01,2027,1
NAmerica,PWRWNDUSAMN01,2027,1
NAmerica,PWRBIOUSAMN01,2027,1
NAmerica,PWRSPVUSAMN01,2027,1
NAmerica,PWRHYDUSAAL01,2027,1
NAmerica,PWRWNDUSAAL01,2027,1
NAmerica,PWRBIOUSAAL01,2027,1
NAmerica,PWRSPVUSAAL01,2027,1
NAmerica,PWRHYDUSAMW01,2027,1
NAmerica,PWRWNDUSAMW01,2027,1
NAmerica,PWRBIOUSAMW01,2027,1
NAmerica,PWRSPVUSAMW01,2027,1
NAmerica,PWRHYDUSASE01,2027,1
NAmerica,PWRWNDUSASE01,2027,1
NAmerica,PWRBIOUSASE01,2027,1
NAmerica,PWRSPVUSASE01,2027,1
NAmerica,PWRHYDUSAMA01,2027,1
NAmerica,PWRWNDUSAMA01,2027,1
NAmerica,PWRBIOUSAMA01,2027,1
NAmerica,PWRSPVUSAMA01,2027,1
NAmerica,PWRHYDUSACA01,2027,1
NAmerica,PWRWNDUSACA01,2027,1
NAmerica,PWRBIOUSACA01,2027,1
NAmerica,PWRSPVUSACA01,2027,1
NAmerica,PWRHYDUSAFL01,2027,1
NAmerica,PWRWNDUSAFL01,2027,1
NAmerica,PWRBIOUSAFL01,2027,1
NAmerica,PWRSPVUSAFL01,2027,1
NAmerica,PWRHYDUSANW01,2027,1
NAmerica,PWRWNDUSANW01,2027,1
NAmerica,PWRBIOUSANW01,2027,1
NAmerica,PWRSPVUSANW01,2027,1
NAmerica,PWRHYDUSACE01,2027,1
NAmerica,PWRWNDUSACE01,2027,1
NAmerica,PWRBIOUSACE01,2027,1
NAmerica,PWRSPVUSACE01,2027,1
NAmerica,PWRHYDUSASW01,2028,1
NAmerica,PWRWNDUSASW01,2028,1
NAmerica,PWRBIOUSASW01,2028,1
NAmerica,PWRSPVUSASW01,2028,1
NAmerica,PWRHYDUSATX01,2028,1
NAmerica,PWRWNDUSATX01,2028,1
NAmerica,PWRBIOUSATX01,2028,1
NAmerica,PWRSPVUSATX01,2028,1
NAmerica,PWRHYDUSANY01,2028,1
NAmerica,PWRWNDUSANY01,2028,1
NAmerica,PWRBIOUSANY01,2028,1
NAmerica,PWRSPVUSANY01,2028,1
NAmerica,PWRHYDUSANE01,2028,1
NAmerica,PWRWNDUSANE01,2028,1
NAmerica,PWRBIOUSANE01,2028,1
NAmerica,PWRSPVUSANE01,2028,1
NAmerica,PWRHYDUSAMN01,2028,1
NAmerica,PWRWNDUSAMN01,2028,1
NAmerica,PWRBIOUSAMN01,2028,1
NAmerica,PWRSPVUSAMN01,2028,1
NAmerica,PWRHYDUSAAL01,2028,1
NAmerica,PWRWNDUSAAL01,2028,1
NAmerica,PWRBIOUSAAL01,2028,1
NAmerica,PWRSPVUSAAL01,2028,1
NAmerica,PWRHYDUSAMW01,2028,1
NAmerica,PWRWNDUSAMW01,2028,1
NAmerica,PWRBIOUSAMW01,2028,1
NAmerica,PWRSPVUSAMW01,2028,1
NAmerica,PWRHYDUSASE01,2028,1
NAmerica,PWRWNDUSASE01,2028,1
NAmerica,PWRBIOUSASE01,2028,1
NAmerica,PWRSPVUSASE01,2028,1
NAmerica,PWRHYDUSAMA01,2028,1
NAmerica,PWRWNDUSAMA01,2028,1
NAmerica,PWRBIOUSAMA01,2028,1
NAmerica,PWRSPVUSAMA01,2028,1
NAmerica,PWRHYDUSACA01,2028,1
NAmerica,PWRWNDUSACA01,2028,1
NAmerica,PWRBIOUSACA01,2028,1
NAmerica,PWRSPVUSACA01,2028,1
NAmerica,PWRHYDUSAFL01,2028,1
NAmerica,PWRWNDUSAFL01,2028,1
NAmerica,PWRBIOUSAFL01,2028,1
NAmerica,PWRSPVUSAFL01,2028,1
NAmerica,PWRHYDUSANW01,2028,1
NAmerica,PWRWNDUSANW01,2028,1
NAmerica,PWRBIOUSANW01,2028,1
NAmerica,PWRSPVUSANW01,2028,1
NAmerica,PWRHYDUSACE01,2028,1
NAmerica,PWRWNDUSACE01,2028,1
NAmerica,PWRBIOUSACE01,2028,1
NAmerica,PWRSPVUSACE01,2028,1
NAmerica,PWRHYDUSASW01,2029,1
NAmerica,PWRWNDUSASW01,2029,1
NAmerica,PWRBIOUSASW01,2029,1
NAmerica,PWRSPVUSASW01,2029,1
NAmerica,PWRHYDUSATX01,2029,1
NAmerica,PWRWNDUSATX01,2029,1
NAmerica,PWRBIOUSATX01,2029,1
NAmerica,PWRSPVUSATX01,2029,1
NAmerica,PWRHYDUSANY01,2029,1
NAmerica,PWRWNDUSANY01,2029,1
NAmerica,PWRBIOUSANY01,2029,1
NAmerica,PWRSPVUSANY01,2029,1
NAmerica,PWRHYDUSANE01,2029,1
NAmerica,PWRWNDUSANE01,2029,1
NAmerica,PWRBIOUSANE01,2029,1
NAmerica,PWRSPVUSANE01,2029,1
NAmerica,PWRHYDUSAMN01,2029,1
NAmerica,PWRWNDUSAMN01,2029,1
NAmerica,PWRBIOUSAMN01,2029,1
NAmerica,PWRSPVUSAMN01,2029,1
NAmerica,PWRHYDUSAAL01,2029,1
NAmerica,PWRWNDUSAAL01,2029,1
NAmerica,PWRBIOUSAAL01,2029,1
NAmerica,PWRSPVUSAAL01,2029,1
NAmerica,PWRHYDUSAMW01,2029,1
NAmerica,PWRWNDUSAMW01,2029,1
NAmerica,PWRBIOUSAMW01,2029,1
NAmerica,PWRSPVUSAMW01,2029,1
NAmerica,PWRHYDUSASE01,2029,1
NAmerica,PWRWNDUSASE01,2029,1
NAmerica,PWRBIOUSASE01,2029,1
NAmerica,PWRSPVUSASE01,2029,1
NAmerica,PWRHYDUSAMA01,2029,1
NAmerica,PWRWNDUSAMA01,2029,1
NAmerica,PWRBIOUSAMA01,2029,1
NAmerica,PWRSPVUSAMA01,2029,1
NAmerica,PWRHYDUSACA01,2029,1
NAmerica,PWRWNDUSACA01,2029,1
NAmerica,PWRBIOUSACA01,2029,1
NAmerica,PWRSPVUSACA01,2029,1
NAmerica,PWRHYDUSAFL01,2029,1
NAmerica,PWRWNDUSAFL01,2029,1
NAmerica,PWRBIOUSAFL01,2029,1
NAmerica,PWRSPVUSAFL01,2029,1
NAmerica,PWRHYDUSANW01,2029,1
NAmerica,PWRWNDUSANW01,2029,1
NAmerica,PWRBIOUSANW01,2029,1
NAmerica,PWRSPVUSANW01,2029,1
NAmerica,PWRHYDUSACE01,2029,1
NAmerica,PWRWNDUSACE01,2029,1
NAmerica,PWRBIOUSACE01,2029,1
NAmerica,PWRSPVUSACE01,2029,1
NAmerica,PWRHYDUSASW01,2030,1
NAmerica,PWRWNDUSASW01,2030,1
NAmerica,PWRBIOUSASW01,2030,1
NAmerica,PWRSPVUSASW01,2030,1
NAmerica,PWRHYDUSATX01,2030,1
NAmerica,PWRWNDUSATX01,2030,1
NAmerica,PWRBIOUSATX01,2030,1
NAmerica,PWRSPVUSATX01,2030,1
NAmerica,PWRHYDUSANY01,2030,1
NAmerica,PWRWNDUSANY01,2030,1
NAmerica,PWRBIOUSANY01,2030,1
NAmerica,PWRSPVUSANY01,2030,1
NAmerica,PWRHYDUSANE01,2030,1
NAmerica,PWRWNDUSANE01,2030,1
NAmerica,PWRBIOUSANE01,2030,1
NAmerica,PWRSPVUSANE01,2030,1
NAmerica,PWRHYDUSAMN01,2030,1
NAmerica,PWRWNDUSAMN01,2030,1
NAmerica,PWRBIOUSAMN01,2030,1
NAmerica,PWRSPVUSAMN01,2030,1
NAmerica,PWRHYDUSAAL01,2030,1
NAmerica,PWRWNDUSAAL01,2030,1
NAmerica,PWRBIOUSAAL01,2030,1
NAmerica,PWRSPVUSAAL01,2030,1
NAmerica,PWRHYDUSAMW01,2030,1
NAmerica,PWRWNDUSAMW01,2030,1
NAmerica,PWRBIOUSAMW01,2030,1
NAmerica,PWRSPVUSAMW01,2030,1
NAmerica,PWRHYDUSASE01,2030,1
NAmerica,PWRWNDUSASE01,2030,1
NAmerica,PWRBIOUSASE01,2030,1
NAmerica,PWRSPVUSASE01,2030,1
NAmerica,PWRHYDUSAMA01,2030,1
NAmerica,PWRWNDUSAMA01,2030,1
NAmerica,PWRBIOUSAMA01,2030,1
NAmerica,PWRSPVUSAMA01,2030,1
NAmerica,PWRHYDUSACA01,2030,1
NAmerica,PWRWNDUSACA01,2030,1
NAmerica,PWRBIOUSACA01,2030,1
NAmerica,PWRSPVUSACA01,2030,1
NAmerica,PWRHYDUSAFL01,2030,1
NAmerica,PWRWNDUSAFL01,2030,1
NAmerica,PWRBIOUSAFL01,2030,1
NAmerica,PWRSPVUSAFL01,2030,1
NAmerica,PWRHYDUSANW01,2030,1
NAmerica,PWRWNDUSANW01,2030,1
NAmerica,PWRBIOUSANW01,2030,1
NAmerica,PWRSPVUSANW01,2030,1
NAmerica,PWRHYDUSACE01,2030,1
NAmerica,PWRWNDUSACE01,2030,1
NAmerica,PWRBIOUSACE01,2030,1
NAmerica,PWRSPVUSACE01,2030,1
NAmerica,PWRHYDUSASW01,2031,1
NAmerica,PWRWNDUSASW01,2031,1
NAmerica,PWRBIOUSASW01,2031,1
NAmerica,PWRSPVUSASW01,2031,1
NAmerica,PWRHYDUSATX01,2031,1
NAmerica,PWRWNDUSATX01,2031,1
NAmerica,PWRBIOUSATX01,2031,1
NAmerica,PWRSPVUSATX01,2031,1
NAmerica,PWRHYDUSANY01,2031,1
NAmerica,PWRWNDUSANY01,2031,1
NAmerica,PWRBIOUSANY01,2031,1
NAmerica,PWRSPVUSANY01,2031,1
NAmerica,PWRHYDUSANE01,2031,1
NAmerica,PWRWNDUSANE01,2031,1
NAmerica,PWRBIOUSANE01,2031,1
NAmerica,PWRSPVUSANE01,2031,1
NAmerica,PWRHYDUSAMN01,2031,1
NAmerica,PWRWNDUSAMN01,2031,1
NAmerica,PWRBIOUSAMN01,2031,1
NAmerica,PWRSPVUSAMN01,2031,1
NAmerica,PWRHYDUSAAL01,2031,1
NAmerica,PWRWNDUSAAL01,2031,1
NAmerica,PWRBIOUSAAL01,2031,1
NAmerica,PWRSPVUSAAL01,2031,1
NAmerica,PWRHYDUSAMW01,2031,1
NAmerica,PWRWNDUSAMW01,2031,1
NAmerica,PWRBIOUSAMW01,2031,1
NAmerica,PWRSPVUSAMW01,2031,1
NAmerica,PWRHYDUSASE01,2031,1
NAmerica,PWRWNDUSASE01,2031,1
NAmerica,PWRBIOUSASE01,2031,1
NAmerica,PWRSPVUSASE01,2031,1
NAmerica,PWRHYDUSAMA01,2031,1
NAmerica,PWRWNDUSAMA01,2031,1
NAmerica,PWRBIOUSAMA01,2031,1
NAmerica,PWRSPVUSAMA01,2031,1
NAmerica,PWRHYDUSACA01,2031,1
NAmerica,PWRWNDUSACA01,2031,1
NAmerica,PWRBIOUSACA01,2031,1
NAmerica,PWRSPVUSACA01,2031,1
NAmerica,PWRHYDUSAFL01,2031,1
NAmerica,PWRWNDUSAFL01,2031,1
NAmerica,PWRBIOUSAFL01,2031,1
NAmerica,PWRSPVUSAFL01,2031,1
NAmerica,PWRHYDUSANW01,2031,1
NAmerica,PWRWNDUSANW01,2031,1
NAmerica,PWRBIOUSANW01,2031,1
NAmerica,PWRSPVUSANW01,2031,1
NAmerica,PWRHYDUSACE01,2031,1
NAmerica,PWRWNDUSACE01,2031,1
NAmerica,PWRBIOUSACE01,2031,1
NAmerica,PWRSPVUSACE01,2031,1
NAmerica,PWRHYDUSASW01,2032,1
NAmerica,PWRWNDUSASW01,2032,1
NAmerica,PWRBIOUSASW01,2032,1
NAmerica,PWRSPVUSASW01,2032,1
NAmerica,PWRHYDUSATX01,2032,1
NAmerica,PWRWNDUSATX01,2032,1
NAmerica,PWRBIOUSATX01,2032,1
NAmerica,PWRSPVUSATX01,2032,1
NAmerica,PWRHYDUSANY01,2032,1
NAmerica,PWRWNDUSANY01,2032,1
NAmerica,PWRBIOUSANY01,2032,1
NAmerica,PWRSPVUSANY01,2032,1
NAmerica,PWRHYDUSANE01,2032,1
NAmerica,PWRWNDUSANE01,2032,1
NAmerica,PWRBIOUSANE01,2032,1
NAmerica,PWRSPVUSANE01,2032,1
NAmerica,PWRHYDUSAMN01,2032,1
NAmerica,PWRWNDUSAMN01,2032,1
NAmerica,PWRBIOUSAMN01,2032,1
NAmerica,PWRSPVUSAMN01,2032,1
NAmerica,PWRHYDUSAAL01,2032,1
NAmerica,PWRWNDUSAAL01,2032,1
NAmerica,PWRBIOUSAAL01,2032,1
NAmerica,PWRSPVUSAAL01,2032,1
NAmerica,PWRHYDUSAMW01,2032,1
NAmerica,PWRWNDUSAMW01,2032,1
NAmerica,PWRBIOUSAMW01,2032,1
NAmerica,PWRSPVUSAMW01,2032,1
NAmerica,PWRHYDUSASE01,2032,1
NAmerica,PWRWNDUSASE01,2032,1
NAmerica,PWRBIOUSASE01,2032,1
NAmerica,PWRSPVUSASE01,2032,1
NAmerica,PWRHYDUSAMA01,2032,1
NAmerica,PWRWNDUSAMA01,2032,1
NAmerica,PWRBIOUSAMA01,2032,1
NAmerica,PWRSPVUSAMA01,2032,1
NAmerica,PWRHYDUSACA01,2032,1
NAmerica,PWRWNDUSACA01,2032,1
NAmerica,PWRBIOUSACA01,2032,1
NAmerica,PWRSPVUSACA01,2032,1
NAmerica,PWRHYDUSAFL01,2032,1
NAmerica,PWRWNDUSAFL01,2032,1
NAmerica,PWRBIOUSAFL01,2032,1
NAmerica,PWRSPVUSAFL01,2032,1
NAmerica,PWRHYDUSANW01,2032,1
NAmerica,PWRWNDUSANW01,2032,1
NAmerica,PWRBIOUSANW01,2032,1
NAmerica,PWRSPVUSANW01,2032,1
NAmerica,PWRHYDUSACE01,2032,1
NAmerica,PWRWNDUSACE01,2032,1
NAmerica,PWRBIOUSACE01,2032,1
NAmerica,PWRSPVUSACE01,2032,1
NAmerica,PWRHYDUSASW01,2033,1
NAmerica,PWRWNDUSASW01,2033,1
NAmerica,PWRBIOUSASW01,2033,1
NAmerica,PWRSPVUSASW01,2033,1
NAmerica,PWRHYDUSATX01,2033,1
NAmerica,PWRWNDUSATX01,2033,1
NAmerica,PWRBIOUSATX01,2033,1
NAmerica,PWRSPVUSATX01,2033,1
NAmerica,PWRHYDUSANY01,2033,1
NAmerica,PWRWNDUSANY01,2033,1
NAmerica,PWRBIOUSANY01,2033,1
NAmerica,PWRSPVUSANY01,2033,1
NAmerica,PWRHYDUSANE01,2033,1
NAmerica,PWRWNDUSANE01,2033,1
NAmerica,PWRBIOUSANE01,2033,1
NAmerica,PWRSPVUSANE01,2033,1
NAmerica,PWRHYDUSAMN01,2033,1
NAmerica,PWRWNDUSAMN01,2033,1
NAmerica,PWRBIOUSAMN01,2033,1
NAmerica,PWRSPVUSAMN01,2033,1
NAmerica,PWRHYDUSAAL01,2033,1
NAmerica,PWRWNDUSAAL01,2033,1
NAmerica,PWRBIOUSAAL01,2033,1
NAmerica,PWRSPVUSAAL01,2033,1
NAmerica,PWRHYDUSAMW01,2033,1
NAmerica,PWRWNDUSAMW01,2033,1
NAmerica,PWRBIOUSAMW01,2033,1
NAmerica,PWRSPVUSAMW01,2033,1
NAmerica,PWRHYDUSASE01,2033,1
NAmerica,PWRWNDUSASE01,2033,1
NAmerica,PWRBIOUSASE01,2033,1
NAmerica,PWRSPVUSASE01,2033,1
NAmerica,PWRHYDUSAMA01,2033,1
NAmerica,PWRWNDUSAMA01,2033,1
NAmerica,PWRBIOUSAMA01,2033,1
NAmerica,PWRSPVUSAMA01,2033,1
NAmerica,PWRHYDUSACA01,2033,1
NAmerica,PWRWNDUSACA01,2033,1
NAmerica,PWRBIOUSACA01,2033,1
NAmerica,PWRSPVUSACA01,2033,1
NAmerica,PWRHYDUSAFL01,2033,1
NAmerica,PWRWNDUSAFL01,2033,1
NAmerica,PWRBIOUSAFL01,2033,1
NAmerica,PWRSPVUSAFL01,2033,1
NAmerica,PWRHYDUSANW01,2033,1
NAmerica,PWRWNDUSANW01,2033,1
NAmerica,PWRBIOUSANW01,2033,1
NAmerica,PWRSPVUSANW01,2033,1
NAmerica,PWRHYDUSACE01,2033,1
NAmerica,PWRWNDUSACE01,2033,1
NAmerica,PWRBIOUSACE01,2033,1
NAmerica,PWRSPVUSACE01,2033,1
NAmerica,PWRHYDUSASW01,2034,1
NAmerica,PWRWNDUSASW01,2034,1
NAmerica,PWRBIOUSASW01,2034,1
NAmerica,PWRSPVUSASW01,2034,1
NAmerica,PWRHYDUSATX01,2034,1
NAmerica,PWRWNDUSATX01,2034,1
NAmerica,PWRBIOUSATX01,2034,1
NAmerica,PWRSPVUSATX01,2034,1
NAmerica,PWRHYDUSANY01,2034,1
NAmerica,PWRWNDUSANY01,2034,1
NAmerica,PWRBIOUSANY01,2034,1
NAmerica,PWRSPVUSANY01,2034,1
NAmerica,PWRHYDUSANE01,2034,1
NAmerica,PWRWNDUSANE01,2034,1
NAmerica,PWRBIOUSANE01,2034,1
NAmerica,PWRSPVUSANE01,2034,1
NAmerica,PWRHYDUSAMN01,2034,1
NAmerica,PWRWNDUSAMN01,2034,1
NAmerica,PWRBIOUSAMN01,2034,1
NAmerica,PWRSPVUSAMN01,2034,1
NAmerica,PWRHYDUSAAL01,2034,1
NAmerica,PWRWNDUSAAL01,2034,1
NAmerica,PWRBIOUSAAL01,2034,1
NAmerica,PWRSPVUSAAL01,2034,1
NAmerica,PWRHYDUSAMW01,2034,1
NAmerica,PWRWNDUSAMW01,2034,1
NAmerica,PWRBIOUSAMW01,2034,1
NAmerica,PWRSPVUSAMW01,2034,1
NAmerica,PWRHYDUSASE01,2034,1
NAmerica,PWRWNDUSASE01,2034,1
NAmerica,PWRBIOUSASE01,2034,1
NAmerica,PWRSPVUSASE01,2034,1
NAmerica,PWRHYDUSAMA01,2034,1
NAmerica,PWRWNDUSAMA01,2034,1
NAmerica,PWRBIOUSAMA01,2034,1
NAmerica,PWRSPVUSAMA01,2034,1
NAmerica,PWRHYDUSACA01,2034,1
NAmerica,PWRWNDUSACA01,2034,1
NAmerica,PWRBIOUSACA01,2034,1
NAmerica,PWRSPVUSACA01,2034,1
NAmerica,PWRHYDUSAFL01,2034,1
NAmerica,PWRWNDUSAFL01,2034,1
NAmerica,PWRBIOUSAFL01,2034,1
NAmerica,PWRSPVUSAFL01,2034,1
NAmerica,PWRHYDUSANW01,2034,1
NAmerica,PWRWNDUSANW01,2034,1
NAmerica,PWRBIOUSANW01,2034,1
NAmerica,PWRSPVUSANW01,2034,1
NAmerica,PWRHYDUSACE01,2034,1
NAmerica,PWRWNDUSACE01,2034,1
NAmerica,PWRBIOUSACE01,2034,1
NAmerica,PWRSPVUSACE01,2034,1
NAmerica,PWRHYDUSASW01,2035,1
NAmerica,PWRWNDUSASW01,2035,1
NAmerica,PWRBIOUSASW01,2035,1
NAmerica,PWRSPVUSASW01,2035,1
NAmerica,PWRHYDUSATX01,2035,1
NAmerica,PWRWNDUSATX01,2035,1
NAmerica,PWRBIOUSATX01,2035,1
NAmerica,PWRSPVUSATX01,2035,1
NAmerica,PWRHYDUSANY01,2035,1
NAmerica,PWRWNDUSANY01,2035,1
NAmerica,PWRBIOUSANY01,2035,1
NAmerica,PWRSPVUSANY01,2035,1
NAmerica,PWRHYDUSANE01,2035,1
NAmerica,PWRWNDUSANE01,2035,1
NAmerica,PWRBIOUSANE01,2035,1
NAmerica,PWRSPVUSANE01,2035,1
NAmerica,PWRHYDUSAMN01,2035,1
NAmerica,PWRWNDUSAMN01,2035,1
NAmerica,PWRBIOUSAMN01,2035,1
NAmerica,PWRSPVUSAMN01,2035,1
NAmerica,PWRHYDUSAAL01,2035,1
NAmerica,PWRWNDUSAAL01,2035,1
NAmerica,PWRBIOUSAAL01,2035,1
NAmerica,PWRSPVUSAAL01,2035,1
NAmerica,PWRHYDUSAMW01,2035,1
NAmerica,PWRWNDUSAMW01,2035,1
NAmerica,PWRBIOUSAMW01,2035,1
NAmerica,PWRSPVUSAMW01,2035,1
NAmerica,PWRHYDUSASE01,2035,1
NAmerica,PWRWNDUSASE01,2035,1
NAmerica,PWRBIOUSASE01,2035,1
NAmerica,PWRSPVUSASE01,2035,1
NAmerica,PWRHYDUSAMA01,2035,1
NAmerica,PWRWNDUSAMA01,2035,1
NAmerica,PWRBIOUSAMA01,2035,1
NAmerica,PWRSPVUSAMA01,2035,1
NAmerica,PWRHYDUSACA01,2035,1
NAmerica,PWRWNDUSACA01,2035,1
NAmerica,PWRBIOUSACA01,2035,1
NAmerica,PWRSPVUSACA01,2035,1
NAmerica,PWRHYDUSAFL01,2035,1
NAmerica,PWRWNDUSAFL01,2035,1
NAmerica,PWRBIOUSAFL01,2035,1
NAmerica,PWRSPVUSAFL01,2035,1
NAmerica,PWRHYDUSANW01,2035,1
NAmerica,PWRWNDUSANW01,2035,1
NAmerica,PWRBIOUSANW01,2035,1
NAmerica,PWRSPVUSANW01,2035,1
NAmerica,PWRHYDUSACE01,2035,1
NAmerica,PWRWNDUSACE01,2035,1
NAmerica,PWRBIOUSACE01,2035,1
NAmerica,PWRSPVUSACE01,2035,1
NAmerica,PWRHYDUSASW01,2036,1
NAmerica,PWRWNDUSASW01,2036,1
NAmerica,PWRBIOUSASW01,2036,1
NAmerica,PWRSPVUSASW01,2036,1
NAmerica,PWRHYDUSATX01,2036,1
NAmerica,PWRWNDUSATX01,2036,1
NAmerica,PWRBIOUSATX01,2036,1
NAmerica,PWRSPVUSATX01,2036,1
NAmerica,PWRHYDUSANY01,2036,1
NAmerica,PWRWNDUSANY01,2036,1
NAmerica,PWRBIOUSANY01,2036,1
NAmerica,PWRSPVUSANY01,2036,1
NAmerica,PWRHYDUSANE01,2036,1
NAmerica,PWRWNDUSANE01,2036,1
NAmerica,PWRBIOUSANE01,2036,1
NAmerica,PWRSPVUSANE01,2036,1
NAmerica,PWRHYDUSAMN01,2036,1
NAmerica,PWRWNDUSAMN01,2036,1
NAmerica,PWRBIOUSAMN01,2036,1
NAmerica,PWRSPVUSAMN01,2036,1
NAmerica,PWRHYDUSAAL01,2036,1
NAmerica,PWRWNDUSAAL01,2036,1
NAmerica,PWRBIOUSAAL01,2036,1
NAmerica,PWRSPVUSAAL01,2036,1
NAmerica,PWRHYDUSAMW01,2036,1
NAmerica,PWRWNDUSAMW01,2036,1
NAmerica,PWRBIOUSAMW01,2036,1
NAmerica,PWRSPVUSAMW01,2036,1
NAmerica,PWRHYDUSASE01,2036,1
NAmerica,PWRWNDUSASE01,2036,1
NAmerica,PWRBIOUSASE01,2036,1
NAmerica,PWRSPVUSASE01,2036,1
NAmerica,PWRHYDUSAMA01,2036,1
NAmerica,PWRWNDUSAMA01,2036,1
NAmerica,PWRBIOUSAMA01,2036,1
NAmerica,PWRSPVUSAMA01,2036,1
NAmerica,PWRHYDUSACA01,2036,1
NAmerica,PWRWNDUSACA01,2036,1
NAmerica,PWRBIOUSACA01,2036,1
NAmerica,PWRSPVUSACA01,2036,1
NAmerica,PWRHYDUSAFL01,2036,1
NAmerica,PWRWNDUSAFL01,2036,1
NAmerica,PWRBIOUSAFL01,2036,1
NAmerica,PWRSPVUSAFL01,2036,1
NAmerica,PWRHYDUSANW01,2036,1
NAmerica,PWRWNDUSANW01,2036,1
NAmerica,PWRBIOUSANW01,2036,1
NAmerica,PWRSPVUSANW01,2036,1
NAmerica,PWRHYDUSACE01,2036,1
NAmerica,PWRWNDUSACE01,2036,1
NAmerica,PWRBIOUSACE01,2036,1
NAmerica,PWRSPVUSACE01,2036,1
NAmerica,PWRHYDUSASW01,2037,1
NAmerica,PWRWNDUSASW01,2037,1
NAmerica,PWRBIOUSASW01,2037,1
NAmerica,PWRSPVUSASW01,2037,1
NAmerica,PWRHYDUSATX01,2037,1
NAmerica,PWRWNDUSATX01,2037,1
NAmerica,PWRBIOUSATX01,2037,1
NAmerica,PWRSPVUSATX01,2037,1
NAmerica,PWRHYDUSANY01,2037,1
NAmerica,PWRWNDUSANY01,2037,1
NAmerica,PWRBIOUSANY01,2037,1
NAmerica,PWRSPVUSANY01,2037,1
NAmerica,PWRHYDUSANE01,2037,1
NAmerica,PWRWNDUSANE01,2037,1
NAmerica,PWRBIOUSANE01,2037,1
NAmerica,PWRSPVUSANE01,2037,1
NAmerica,PWRHYDUSAMN01,2037,1
NAmerica,PWRWNDUSAMN01,2037,1
NAmerica,PWRBIOUSAMN01,2037,1
NAmerica,PWRSPVUSAMN01,2037,1
NAmerica,PWRHYDUSAAL01,2037,1
NAmerica,PWRWNDUSAAL01,2037,1
NAmerica,PWRBIOUSAAL01,2037,1
NAmerica,PWRSPVUSAAL01,2037,1
NAmerica,PWRHYDUSAMW01,2037,1
NAmerica,PWRWNDUSAMW01,2037,1
NAmerica,PWRBIOUSAMW01,2037,1
NAmerica,PWRSPVUSAMW01,2037,1
NAmerica,PWRHYDUSASE01,2037,1
NAmerica,PWRWNDUSASE01,2037,1
NAmerica,PWRBIOUSASE01,2037,1
NAmerica,PWRSPVUSASE01,2037,1
NAmerica,PWRHYDUSAMA01,2037,1
NAmerica,PWRWNDUSAMA01,2037,1
NAmerica,PWRBIOUSAMA01,2037,1
NAmerica,PWRSPVUSAMA01,2037,1
NAmerica,PWRHYDUSACA01,2037,1
NAmerica,PWRWNDUSACA01,2037,1
NAmerica,PWRBIOUSACA01,2037,1
NAmerica,PWRSPVUSACA01,2037,1
NAmerica,PWRHYDUSAFL01,2037,1
NAmerica,PWRWNDUSAFL01,2037,1
NAmerica,PWRBIOUSAFL01,2037,1
NAmerica,PWRSPVUSAFL01,2037,1
NAmerica,PWRHYDUSANW01,2037,1
NAmerica,PWRWNDUSANW01,2037,1
NAmerica,PWRBIOUSANW01,2037,1
NAmerica,PWRSPVUSANW01,2037,1
NAmerica,PWRHYDUSACE01,2037,1
NAmerica,PWRWNDUSACE01,2037,1
NAmerica,PWRBIOUSACE01,2037,1
NAmerica,PWRSPVUSACE01,2037,1
NAmerica,PWRHYDUSASW01,2038,1
NAmerica,PWRWNDUSASW01,2038,1
NAmerica,PWRBIOUSASW01,2038,1
NAmerica,PWRSPVUSASW01,2038,1
NAmerica,PWRHYDUSATX01,2038,1
NAmerica,PWRWNDUSATX01,2038,1
NAmerica,PWRBIOUSATX01,2038,1
NAmerica,PWRSPVUSATX01,2038,1
NAmerica,PWRHYDUSANY01,2038,1
NAmerica,PWRWNDUSANY01,2038,1
NAmerica,PWRBIOUSANY01,2038,1
NAmerica,PWRSPVUSANY01,2038,1
NAmerica,PWRHYDUSANE01,2038,1
NAmerica,PWRWNDUSANE01,2038,1
NAmerica,PWRBIOUSANE01,2038,1
NAmerica,PWRSPVUSANE01,2038,1
NAmerica,PWRHYDUSAMN01,2038,1
NAmerica,PWRWNDUSAMN01,2038,1
NAmerica,PWRBIOUSAMN01,2038,1
NAmerica,PWRSPVUSAMN01,2038,1
NAmerica,PWRHYDUSAAL01,2038,1
NAmerica,PWRWNDUSAAL01,2038,1
NAmerica,PWRBIOUSAAL01,2038,1
NAmerica,PWRSPVUSAAL01,2038,1
NAmerica,PWRHYDUSAMW01,2038,1
NAmerica,PWRWNDUSAMW01,2038,1
NAmerica,PWRBIOUSAMW01,2038,1
NAmerica,PWRSPVUSAMW01,2038,1
NAmerica,PWRHYDUSASE01,2038,1
NAmerica,PWRWNDUSASE01,2038,1
NAmerica,PWRBIOUSASE01,2038,1
NAmerica,PWRSPVUSASE01,2038,1
NAmerica,PWRHYDUSAMA01,2038,1
NAmerica,PWRWNDUSAMA01,2038,1
NAmerica,PWRBIOUSAMA01,2038,1
NAmerica,PWRSPVUSAMA01,2038,1
NAmerica,PWRHYDUSACA01,2038,1
NAmerica,PWRWNDUSACA01,2038,1
NAmerica,PWRBIOUSACA01,2038,1
NAmerica,PWRSPVUSACA01,2038,1
NAmerica,PWRHYDUSAFL01,2038,1
NAmerica,PWRWNDUSAFL01,2038,1
NAmerica,PWRBIOUSAFL01,2038,1
NAmerica,PWRSPVUSAFL01,2038,1
NAmerica,PWRHYDUSANW01,2038,1
NAmerica,PWRWNDUSANW01,2038,1
NAmerica,PWRBIOUSANW01,2038,1
NAmerica,PWRSPVUSANW01,2038,1
NAmerica,PWRHYDUSACE01,2038,1
NAmerica,PWRWNDUSACE01,2038,1
NAmerica,PWRBIOUSACE01,2038,1
NAmerica,PWRSPVUSACE01,2038,1
NAmerica,PWRHYDUSASW01,2039,1
NAmerica,PWRWNDUSASW01,2039,1
NAmerica,PWRBIOUSASW01,2039,1
NAmerica,PWRSPVUSASW01,2039,1
NAmerica,PWRHYDUSATX01,2039,1
NAmerica,PWRWNDUSATX01,2039,1
NAmerica,PWRBIOUSATX01,2039,1
NAmerica,PWRSPVUSATX01,2039,1
NAmerica,PWRHYDUSANY01,2039,1
NAmerica,PWRWNDUSANY01,2039,1
NAmerica,PWRBIOUSANY01,2039,1
NAmerica,PWRSPVUSANY01,2039,1
NAmerica,PWRHYDUSANE01,2039,1
NAmerica,PWRWNDUSANE01,2039,1
NAmerica,PWRBIOUSANE01,2039,1
NAmerica,PWRSPVUSANE01,2039,1
NAmerica,PWRHYDUSAMN01,2039,1
NAmerica,PWRWNDUSAMN01,2039,1
NAmerica,PWRBIOUSAMN01,2039,1
NAmerica,PWRSPVUSAMN01,2039,1
NAmerica,PWRHYDUSAAL01,2039,1
NAmerica,PWRWNDUSAAL01,2039,1
NAmerica,PWRBIOUSAAL01,2039,1
NAmerica,PWRSPVUSAAL01,2039,1
NAmerica,PWRHYDUSAMW01,2039,1
NAmerica,PWRWNDUSAMW01,2039,1
NAmerica,PWRBIOUSAMW01,2039,1
NAmerica,PWRSPVUSAMW01,2039,1
NAmerica,PWRHYDUSASE01,2039,1
NAmerica,PWRWNDUSASE01,2039,1
NAmerica,PWRBIOUSASE01,2039,1
NAmerica,PWRSPVUSASE01,2039,1
NAmerica,PWRHYDUSAMA01,2039,1
NAmerica,PWRWNDUSAMA01,2039,1
NAmerica,PWRBIOUSAMA01,2039,1
NAmerica,PWRSPVUSAMA01,2039,1
NAmerica,PWRHYDUSACA01,2039,1
NAmerica,PWRWNDUSACA01,2039,1
NAmerica,PWRBIOUSACA01,2039,1
NAmerica,PWRSPVUSACA01,2039,1
NAmerica,PWRHYDUSAFL01,2039,1
NAmerica,PWRWNDUSAFL01,2039,1
NAmerica,PWRBIOUSAFL01,2039,1
NAmerica,PWRSPVUSAFL01,2039,1
NAmerica,PWRHYDUSANW01,2039,1
NAmerica,PWRWNDUSANW01,2039,1
NAmerica,PWRBIOUSANW01,2039,1
NAmerica,PWRSPVUSANW01,2039,1
NAmerica,PWRHYDUSACE01,2039,1
NAmerica,PWRWNDUSACE01,2039,1
NAmerica,PWRBIOUSACE01,2039,1
NAmerica,PWRSPVUSACE01,2039,1
NAmerica,PWRHYDUSASW01,2040,1
NAmerica,PWRWNDUSASW01,2040,1
NAmerica,PWRBIOUSASW01,2040,1
NAmerica,PWRSPVUSASW01,2040,1
NAmerica,PWRHYDUSATX01,2040,1
NAmerica,PWRWNDUSATX01,2040,1
NAmerica,PWRBIOUSATX01,2040,1
NAmerica,PWRSPVUSATX01,2040,1
NAmerica,PWRHYDUSANY01,2040,1
NAmerica,PWRWNDUSANY01,2040,1
NAmerica,PWRBIOUSANY01,2040,1
NAmerica,PWRSPVUSANY01,2040,1
NAmerica,PWRHYDUSANE01,2040,1
NAmerica,PWRWNDUSANE01,2040,1
NAmerica,PWRBIOUSANE01,2040,1
NAmerica,PWRSPVUSANE01,2040,1
NAmerica,PWRHYDUSAMN01,2040,1
NAmerica,PWRWNDUSAMN01,2040,1
NAmerica,PWRBIOUSAMN01,2040,1
NAmerica,PWRSPVUSAMN01,2040,1
NAmerica,PWRHYDUSAAL01,2040,1
NAmerica,PWRWNDUSAAL01,2040,1
NAmerica,PWRBIOUSAAL01,2040,1
NAmerica,PWRSPVUSAAL01,2040,1
NAmerica,PWRHYDUSAMW01,2040,1
NAmerica,PWRWNDUSAMW01,2040,1
NAmerica,PWRBIOUSAMW01,2040,1
NAmerica,PWRSPVUSAMW01,2040,1
NAmerica,PWRHYDUSASE01,2040,1
NAmerica,PWRWNDUSASE01,2040,1
NAmerica,PWRBIOUSASE01,2040,1
NAmerica,PWRSPVUSASE01,2040,1
NAmerica,PWRHYDUSAMA01,2040,1
NAmerica,PWRWNDUSAMA01,2040,1
NAmerica,PWRBIOUSAMA01,2040,1
NAmerica,PWRSPVUSAMA01,2040,1
NAmerica,PWRHYDUSACA01,2040,1
NAmerica,PWRWNDUSACA01,2040,1
NAmerica,PWRBIOUSACA01,2040,1
NAmerica,PWRSPVUSACA01,2040,1
NAmerica,PWRHYDUSAFL01,2040,1
NAmerica,PWRWNDUSAFL01,2040,1
NAmerica,PWRBIOUSAFL01,2040,1
NAmerica,PWRSPVUSAFL01,2040,1
NAmerica,PWRHYDUSANW01,2040,1
NAmerica,PWRWNDUSANW01,2040,1
NAmerica,PWRBIOUSANW01,2040,1
NAmerica,PWRSPVUSANW01,2040,1
NAmerica,PWRHYDUSACE01,2040,1
NAmerica,PWRWNDUSACE01,2040,1
NAmerica,PWRBIOUSACE01,2040,1
NAmerica,PWRSPVUSACE01,2040,1
NAmerica,PWRHYDUSASW01,2041,1
NAmerica,PWRWNDUSASW01,2041,1
NAmerica,PWRBIOUSASW01,2041,1
NAmerica,PWRSPVUSASW01,2041,1
NAmerica,PWRHYDUSATX01,2041,1
NAmerica,PWRWNDUSATX01,2041,1
NAmerica,PWRBIOUSATX01,2041,1
NAmerica,PWRSPVUSATX01,2041,1
NAmerica,PWRHYDUSANY01,2041,1
NAmerica,PWRWNDUSANY01,2041,1
NAmerica,PWRBIOUSANY01,2041,1
NAmerica,PWRSPVUSANY01,2041,1
NAmerica,PWRHYDUSANE01,2041,1
NAmerica,PWRWNDUSANE01,2041,1
NAmerica,PWRBIOUSANE01,2041,1
NAmerica,PWRSPVUSANE01,2041,1
NAmerica,PWRHYDUSAMN01,2041,1
NAmerica,PWRWNDUSAMN01,2041,1
NAmerica,PWRBIOUSAMN01,2041,1
NAmerica,PWRSPVUSAMN01,2041,1
NAmerica,PWRHYDUSAAL01,2041,1
NAmerica,PWRWNDUSAAL01,2041,1
NAmerica,PWRBIOUSAAL01,2041,1
NAmerica,PWRSPVUSAAL01,2041,1
NAmerica,PWRHYDUSAMW01,2041,1
NAmerica,PWRWNDUSAMW01,2041,1
NAmerica,PWRBIOUSAMW01,2041,1
NAmerica,PWRSPVUSAMW01,2041,1
NAmerica,PWRHYDUSASE01,2041,1
NAmerica,PWRWNDUSASE01,2041,1
NAmerica,PWRBIOUSASE01,2041,1
NAmerica,PWRSPVUSASE01,2041,1
NAmerica,PWRHYDUSAMA01,2041,1
NAmerica,PWRWNDUSAMA01,2041,1
NAmerica,PWRBIOUSAMA01,2041,1
NAmerica,PWRSPVUSAMA01,2041,1
NAmerica,PWRHYDUSACA01,2041,1
NAmerica,PWRWNDUSACA01,2041,1
NAmerica,PWRBIOUSACA01,2041,1
NAmerica,PWRSPVUSACA01,2041,1
NAmerica,PWRHYDUSAFL01,2041,1
NAmerica,PWRWNDUSAFL01,2041,1
NAmerica,PWRBIOUSAFL01,2041,1
NAmerica,PWRSPVUSAFL01,2041,1
NAmerica,PWRHYDUSANW01,2041,1
NAmerica,PWRWNDUSANW01,2041,1
NAmerica,PWRBIOUSANW01,2041,1
NAmerica,PWRSPVUSANW01,2041,1
NAmerica,PWRHYDUSACE01,2041,1
NAmerica,PWRWNDUSACE01,2041,1
NAmerica,PWRBIOUSACE01,2041,1
NAmerica,PWRSPVUSACE01,2041,1
NAmerica,PWRHYDUSASW01,2042,1
NAmerica,PWRWNDUSASW01,2042,1
NAmerica,PWRBIOUSASW01,2042,1
NAmerica,PWRSPVUSASW01,2042,1
NAmerica,PWRHYDUSATX01,2042,1
NAmerica,PWRWNDUSATX01,2042,1
NAmerica,PWRBIOUSATX01,2042,1
NAmerica,PWRSPVUSATX01,2042,1
NAmerica,PWRHYDUSANY01,2042,1
NAmerica,PWRWNDUSANY01,2042,1
NAmerica,PWRBIOUSANY01,2042,1
NAmerica,PWRSPVUSANY01,2042,1
NAmerica,PWRHYDUSANE01,2042,1
NAmerica,PWRWNDUSANE01,2042,1
NAmerica,PWRBIOUSANE01,2042,1
NAmerica,PWRSPVUSANE01,2042,1
NAmerica,PWRHYDUSAMN01,2042,1
NAmerica,PWRWNDUSAMN01,2042,1
NAmerica,PWRBIOUSAMN01,2042,1
NAmerica,PWRSPVUSAMN01,2042,1
NAmerica,PWRHYDUSAAL01,2042,1
NAmerica,PWRWNDUSAAL01,2042,1
NAmerica,PWRBIOUSAAL01,2042,1
NAmerica,PWRSPVUSAAL01,2042,1
NAmerica,PWRHYDUSAMW01,2042,1
NAmerica,PWRWNDUSAMW01,2042,1
NAmerica,PWRBIOUSAMW01,2042,1
NAmerica,PWRSPVUSAMW01,2042,1
NAmerica,PWRHYDUSASE01,2042,1
NAmerica,PWRWNDUSASE01,2042,1
NAmerica,PWRBIOUSASE01,2042,1
NAmerica,PWRSPVUSASE01,2042,1
NAmerica,PWRHYDUSAMA01,2042,1
NAmerica,PWRWNDUSAMA01,2042,1
NAmerica,PWRBIOUSAMA01,2042,1
NAmerica,PWRSPVUSAMA01,2042,1
NAmerica,PWRHYDUSACA01,2042,1
NAmerica,PWRWNDUSACA01,2042,1
NAmerica,PWRBIOUSACA01,2042,1
NAmerica,PWRSPVUSACA01,2042,1
NAmerica,PWRHYDUSAFL01,2042,1
NAmerica,PWRWNDUSAFL01,2042,1
NAmerica,PWRBIOUSAFL01,2042,1
NAmerica,PWRSPVUSAFL01,2042,1
NAmerica,PWRHYDUSANW01,2042,1
NAmerica,PWRWNDUSANW01,2042,1
NAmerica,PWRBIOUSANW01,2042,1
NAmerica,PWRSPVUSANW01,2042,1
NAmerica,PWRHYDUSACE01,2042,1
NAmerica,PWRWNDUSACE01,2042,1
NAmerica,PWRBIOUSACE01,2042,1
NAmerica,PWRSPVUSACE01,2042,1
NAmerica,PWRHYDUSASW01,2043,1
NAmerica,PWRWNDUSASW01,2043,1
NAmerica,PWRBIOUSASW01,2043,1
NAmerica,PWRSPVUSASW01,2043,1
NAmerica,PWRHYDUSATX01,2043,1
NAmerica,PWRWNDUSATX01,2043,1
NAmerica,PWRBIOUSATX01,2043,1
NAmerica,PWRSPVUSATX01,2043,1
NAmerica,PWRHYDUSANY01,2043,1
NAmerica,PWRWNDUSANY01,2043,1
NAmerica,PWRBIOUSANY01,2043,1
NAmerica,PWRSPVUSANY01,2043,1
NAmerica,PWRHYDUSANE01,2043,1
NAmerica,PWRWNDUSANE01,2043,1
NAmerica,PWRBIOUSANE01,2043,1
NAmerica,PWRSPVUSANE01,2043,1
NAmerica,PWRHYDUSAMN01,2043,1
NAmerica,PWRWNDUSAMN01,2043,1
NAmerica,PWRBIOUSAMN01,2043,1
NAmerica,PWRSPVUSAMN01,2043,1
NAmerica,PWRHYDUSAAL01,2043,1
NAmerica,PWRWNDUSAAL01,2043,1
NAmerica,PWRBIOUSAAL01,2043,1
NAmerica,PWRSPVUSAAL01,2043,1
NAmerica,PWRHYDUSAMW01,2043,1
NAmerica,PWRWNDUSAMW01,2043,1
NAmerica,PWRBIOUSAMW01,2043,1
NAmerica,PWRSPVUSAMW01,2043,1
NAmerica,PWRHYDUSASE01,2043,1
NAmerica,PWRWNDUSASE01,2043,1
NAmerica,PWRBIOUSASE01,2043,1
NAmerica,PWRSPVUSASE01,2043,1
NAmerica,PWRHYDUSAMA01,2043,1
NAmerica,PWRWNDUSAMA01,2043,1
NAmerica,PWRBIOUSAMA01,2043,1
NAmerica,PWRSPVUSAMA01,2043,1
NAmerica,PWRHYDUSACA01,2043,1
NAmerica,PWRWNDUSACA01,2043,1
NAmerica,PWRBIOUSACA01,2043,1
NAmerica,PWRSPVUSACA01,2043,1
NAmerica,PWRHYDUSAFL01,2043,1
NAmerica,PWRWNDUSAFL01,2043,1
NAmerica,PWRBIOUSAFL01,2043,1
NAmerica,PWRSPVUSAFL01,2043,1
NAmerica,PWRHYDUSANW01,2043,1
NAmerica,PWRWNDUSANW01,2043,1
NAmerica,PWRBIOUSANW01,2043,1
NAmerica,PWRSPVUSANW01,2043,1
NAmerica,PWRHYDUSACE01,2043,1
NAmerica,PWRWNDUSACE01,2043,1
NAmerica,PWRBIOUSACE01,2043,1
NAmerica,PWRSPVUSACE01,2043,1
NAmerica,PWRHYDUSASW01,2044,1
NAmerica,PWRWNDUSASW01,2044,1
NAmerica,PWRBIOUSASW01,2044,1
NAmerica,PWRSPVUSASW01,2044,1
NAmerica,PWRHYDUSATX01,2044,1
NAmerica,PWRWNDUSATX01,2044,1
NAmerica,PWRBIOUSATX01,2044,1
NAmerica,PWRSPVUSATX01,2044,1
NAmerica,PWRHYDUSANY01,2044,1
NAmerica,PWRWNDUSANY01,2044,1
NAmerica,PWRBIOUSANY01,2044,1
NAmerica,PWRSPVUSANY01,2044,1
NAmerica,PWRHYDUSANE01,2044,1
NAmerica,PWRWNDUSANE01,2044,1
NAmerica,PWRBIOUSANE01,2044,1
NAmerica,PWRSPVUSANE01,2044,1
NAmerica,PWRHYDUSAMN01,2044,1
NAmerica,PWRWNDUSAMN01,2044,1
NAmerica,PWRBIOUSAMN01,2044,1
NAmerica,PWRSPVUSAMN01,2044,1
NAmerica,PWRHYDUSAAL01,2044,1
NAmerica,PWRWNDUSAAL01,2044,1
NAmerica,PWRBIOUSAAL01,2044,1
NAmerica,PWRSPVUSAAL01,2044,1
NAmerica,PWRHYDUSAMW01,2044,1
NAmerica,PWRWNDUSAMW01,2044,1
NAmerica,PWRBIOUSAMW01,2044,1
NAmerica,PWRSPVUSAMW01,2044,1
NAmerica,PWRHYDUSASE01,2044,1
NAmerica,PWRWNDUSASE01,2044,1
NAmerica,PWRBIOUSASE01,2044,1
NAmerica,PWRSPVUSASE01,2044,1
NAmerica,PWRHYDUSAMA01,2044,1
NAmerica,PWRWNDUSAMA01,2044,1
NAmerica,PWRBIOUSAMA01,2044,1
NAmerica,PWRSPVUSAMA01,2044,1
NAmerica,PWRHYDUSACA01,2044,1
NAmerica,PWRWNDUSACA01,2044,1
NAmerica,PWRBIOUSACA01,2044,1
NAmerica,PWRSPVUSACA01,2044,1
NAmerica,PWRHYDUSAFL01,2044,1
NAmerica,PWRWNDUSAFL01,2044,1
NAmerica,PWRBIOUSAFL01,2044,1
NAmerica,PWRSPVUSAFL01,2044,1
NAmerica,PWRHYDUSANW01,2044,1
NAmerica,PWRWNDUSANW01,2044,1
NAmerica,PWRBIOUSANW01,2044,1
NAmerica,PWRSPVUSANW01,2044,1
NAmerica,PWRHYDUSACE01,2044,1
NAmerica,PWRWNDUSACE01,2044,1
NAmerica,PWRBIOUSACE01,2044,1
NAmerica,PWRSPVUSACE01,2044,1
NAmerica,PWRHYDUSASW01,2045,1
NAmerica,PWRWNDUSASW01,2045,1
NAmerica,PWRBIOUSASW01,2045,1
NAmerica,PWRSPVUSASW01,2045,1
NAmerica,PWRHYDUSATX01,2045,1
NAmerica,PWRWNDUSATX01,2045,1
NAmerica,PWRBIOUSATX01,2045,1
NAmerica,PWRSPVUSATX01,2045,1
NAmerica,PWRHYDUSANY01,2045,1
NAmerica,PWRWNDUSANY01,2045,1
NAmerica,PWRBIOUSANY01,2045,1
NAmerica,PWRSPVUSANY01,2045,1
NAmerica,PWRHYDUSANE01,2045,1
NAmerica,PWRWNDUSANE01,2045,1
NAmerica,PWRBIOUSANE01,2045,1
NAmerica,PWRSPVUSANE01,2045,1
NAmerica,PWRHYDUSAMN01,2045,1
NAmerica,PWRWNDUSAMN01,2045,1
NAmerica,PWRBIOUSAMN01,2045,1
NAmerica,PWRSPVUSAMN01,2045,1
NAmerica,PWRHYDUSAAL01,2045,1
NAmerica,PWRWNDUSAAL01,2045,1
NAmerica,PWRBIOUSAAL01,2045,1
NAmerica,PWRSPVUSAAL01,2045,1
NAmerica,PWRHYDUSAMW01,2045,1
NAmerica,PWRWNDUSAMW01,2045,1
NAmerica,PWRBIOUSAMW01,2045,1
NAmerica,PWRSPVUSAMW01,2045,1
NAmerica,PWRHYDUSASE01,2045,1
NAmerica,PWRWNDUSASE01,2045,1
NAmerica,PWRBIOUSASE01,2045,1
NAmerica,PWRSPVUSASE01,2045,1
NAmerica,PWRHYDUSAMA01,2045,1
NAmerica,PWRWNDUSAMA01,2045,1
NAmerica,PWRBIOUSAMA01,2045,1
NAmerica,PWRSPVUSAMA01,2045,1
NAmerica,PWRHYDUSACA01,2045,1
NAmerica,PWRWNDUSACA01,2045,1
NAmerica,PWRBIOUSACA01,2045,1
NAmerica,PWRSPVUSACA01,2045,1
NAmerica,PWRHYDUSAFL01,2045,1
NAmerica,PWRWNDUSAFL01,2045,1
NAmerica,PWRBIOUSAFL01,2045,1
NAmerica,PWRSPVUSAFL01,2045,1
NAmerica,PWRHYDUSANW01,2045,1
NAmerica,PWRWNDUSANW01,2045,1
NAmerica,PWRBIOUSANW01,2045,1
NAmerica,PWRSPVUSANW01,2045,1
NAmerica,PWRHYDUSACE01,2045,1
NAmerica,PWRWNDUSACE01,2045,1
NAmerica,PWRBIOUSACE01,2045,1
NAmerica,PWRSPVUSACE01,2045,1
NAmerica,PWRHYDUSASW01,2046,1
NAmerica,PWRWNDUSASW01,2046,1
NAmerica,PWRBIOUSASW01,2046,1
NAmerica,PWRSPVUSASW01,2046,1
NAmerica,PWRHYDUSATX01,2046,1
NAmerica,PWRWNDUSATX01,2046,1
NAmerica,PWRBIOUSATX01,2046,1
NAmerica,PWRSPVUSATX01,2046,1
NAmerica,PWRHYDUSANY01,2046,1
NAmerica,PWRWNDUSANY01,2046,1
NAmerica,PWRBIOUSANY01,2046,1
NAmerica,PWRSPVUSANY01,2046,1
NAmerica,PWRHYDUSANE01,2046,1
NAmerica,PWRWNDUSANE01,2046,1
NAmerica,PWRBIOUSANE01,2046,1
NAmerica,PWRSPVUSANE01,2046,1
NAmerica,PWRHYDUSAMN01,2046,1
NAmerica,PWRWNDUSAMN01,2046,1
NAmerica,PWRBIOUSAMN01,2046,1
NAmerica,PWRSPVUSAMN01,2046,1
NAmerica,PWRHYDUSAAL01,2046,1
NAmerica,PWRWNDUSAAL01,2046,1
NAmerica,PWRBIOUSAAL01,2046,1
NAmerica,PWRSPVUSAAL01,2046,1
NAmerica,PWRHYDUSAMW01,2046,1
NAmerica,PWRWNDUSAMW01,2046,1
NAmerica,PWRBIOUSAMW01,2046,1
NAmerica,PWRSPVUSAMW01,2046,1
NAmerica,PWRHYDUSASE01,2046,1
NAmerica,PWRWNDUSASE01,2046,1
NAmerica,PWRBIOUSASE01,2046,1
NAmerica,PWRSPVUSASE01,2046,1
NAmerica,PWRHYDUSAMA01,2046,1
NAmerica,PWRWNDUSAMA01,2046,1
NAmerica,PWRBIOUSAMA01,2046,1
NAmerica,PWRSPVUSAMA01,2046,1
NAmerica,PWRHYDUSACA01,2046,1
NAmerica,PWRWNDUSACA01,2046,1
NAmerica,PWRBIOUSACA01,2046,1
NAmerica,PWRSPVUSACA01,2046,1
NAmerica,PWRHYDUSAFL01,2046,1
NAmerica,PWRWNDUSAFL01,2046,1
NAmerica,PWRBIOUSAFL01,2046,1
NAmerica,PWRSPVUSAFL01,2046,1
NAmerica,PWRHYDUSANW01,2046,1
NAmerica,PWRWNDUSANW01,2046,1
NAmerica,PWRBIOUSANW01,2046,1
NAmerica,PWRSPVUSANW01,2046,1
NAmerica,PWRHYDUSACE01,2046,1
NAmerica,PWRWNDUSACE01,2046,1
NAmerica,PWRBIOUSACE01,2046,1
NAmerica,PWRSPVUSACE01,2046,1
NAmerica,PWRHYDUSASW01,2047,1
NAmerica,PWRWNDUSASW01,2047,1
NAmerica,PWRBIOUSASW01,2047,1
NAmerica,PWRSPVUSASW01,2047,1
NAmerica,PWRHYDUSATX01,2047,1
NAmerica,PWRWNDUSATX01,2047,1
NAmerica,PWRBIOUSATX01,2047,1
NAmerica,PWRSPVUSATX01,2047,1
NAmerica,PWRHYDUSANY01,2047,1
NAmerica,PWRWNDUSANY01,2047,1
NAmerica,PWRBIOUSANY01,2047,1
NAmerica,PWRSPVUSANY01,2047,1
NAmerica,PWRHYDUSANE01,2047,1
NAmerica,PWRWNDUSANE01,2047,1
NAmerica,PWRBIOUSANE01,2047,1
NAmerica,PWRSPVUSANE01,2047,1
NAmerica,PWRHYDUSAMN01,2047,1
NAmerica,PWRWNDUSAMN01,2047,1
NAmerica,PWRBIOUSAMN01,2047,1
NAmerica,PWRSPVUSAMN01,2047,1
NAmerica,PWRHYDUSAAL01,2047,1
NAmerica,PWRWNDUSAAL01,2047,1
NAmerica,PWRBIOUSAAL01,2047,1
NAmerica,PWRSPVUSAAL01,2047,1
NAmerica,PWRHYDUSAMW01,2047,1
NAmerica,PWRWNDUSAMW01,2047,1
NAmerica,PWRBIOUSAMW01,2047,1
NAmerica,PWRSPVUSAMW01,2047,1
NAmerica,PWRHYDUSASE01,2047,1
NAmerica,PWRWNDUSASE01,2047,1
NAmerica,PWRBIOUSASE01,2047,1
NAmerica,PWRSPVUSASE01,2047,1
NAmerica,PWRHYDUSAMA01,2047,1
NAmerica,PWRWNDUSAMA01,2047,1
NAmerica,PWRBIOUSAMA01,2047,1
NAmerica,PWRSPVUSAMA01,2047,1
NAmerica,PWRHYDUSACA01,2047,1
NAmerica,PWRWNDUSACA01,2047,1
NAmerica,PWRBIOUSACA01,2047,1
NAmerica,PWRSPVUSACA01,2047,1
NAmerica,PWRHYDUSAFL01,2047,1
NAmerica,PWRWNDUSAFL01,2047,1
NAmerica,PWRBIOUSAFL01,2047,1
NAmerica,PWRSPVUSAFL01,2047,1
NAmerica,PWRHYDUSANW01,2047,1
NAmerica,PWRWNDUSANW01,2047,1
NAmerica,PWRBIOUSANW01,2047,1
NAmerica,PWRSPVUSANW01,2047,1
NAmerica,PWRHYDUSACE01,2047,1
NAmerica,PWRWNDUSACE01,2047,1
NAmerica,PWRBIOUSACE01,2047,1
NAmerica,PWRSPVUSACE01,2047,1
NAmerica,PWRHYDUSASW01,2048,1
NAmerica,PWRWNDUSASW01,2048,1
NAmerica,PWRBIOUSASW01,2048,1
NAmerica,PWRSPVUSASW01,2048,1
NAmerica,PWRHYDUSATX01,2048,1
NAmerica,PWRWNDUSATX01,2048,1
NAmerica,PWRBIOUSATX01,2048,1
NAmerica,PWRSPVUSATX01,2048,1
NAmerica,PWRHYDUSANY01,2048,1
NAmerica,PWRWNDUSANY01,2048,1
NAmerica,PWRBIOUSANY01,2048,1
NAmerica,PWRSPVUSANY01,2048,1
NAmerica,PWRHYDUSANE01,2048,1
NAmerica,PWRWNDUSANE01,2048,1
NAmerica,PWRBIOUSANE01,2048,1
NAmerica,PWRSPVUSANE01,2048,1
NAmerica,PWRHYDUSAMN01,2048,1
NAmerica,PWRWNDUSAMN01,2048,1
NAmerica,PWRBIOUSAMN01,2048,1
NAmerica,PWRSPVUSAMN01,2048,1
NAmerica,PWRHYDUSAAL01,2048,1
NAmerica,PWRWNDUSAAL01,2048,1
NAmerica,PWRBIOUSAAL01,2048,1
NAmerica,PWRSPVUSAAL01,2048,1
NAmerica,PWRHYDUSAMW01,2048,1
NAmerica,PWRWNDUSAMW01,2048,1
NAmerica,PWRBIOUSAMW01,2048,1
NAmerica,PWRSPVUSAMW01,2048,1
NAmerica,PWRHYDUSASE01,2048,1
NAmerica,PWRWNDUSASE01,2048,1
NAmerica,PWRBIOUSASE01,2048,1
NAmerica,PWRSPVUSASE01,2048,1
NAmerica,PWRHYDUSAMA01,2048,1
NAmerica,PWRWNDUSAMA01,2048,1
NAmerica,PWRBIOUSAMA01,2048,1
NAmerica,PWRSPVUSAMA01,2048,1
NAmerica,PWRHYDUSACA01,2048,1
NAmerica,PWRWNDUSACA01,2048,1
NAmerica,PWRBIOUSACA01,2048,1
NAmerica,PWRSPVUSACA01,2048,1
NAmerica,PWRHYDUSAFL01,2048,1
NAmerica,PWRWNDUSAFL01,2048,1
NAmerica,PWRBIOUSAFL01,2048,1
NAmerica,PWRSPVUSAFL01,2048,1
NAmerica,PWRHYDUSANW01,2048,1
NAmerica,PWRWNDUSANW01,2048,1
NAmerica,PWRBIOUSANW01,2048,1
NAmerica,PWRSPVUSANW01,2048,1
NAmerica,PWRHYDUSACE01,2048,1
NAmerica,PWRWNDUSACE01,2048,1
NAmerica,PWRBIOUSACE01,2048,1
NAmerica,PWRSPVUSACE01,2048,1
NAmerica,PWRHYDUSASW01,2049,1
NAmerica,PWRWNDUSASW01,2049,1
NAmerica,PWRBIOUSASW01,2049,1
NAmerica,PWRSPVUSASW01,2049,1
NAmerica,PWRHYDUSATX01,2049,1
NAmerica,PWRWNDUSATX01,2049,1
NAmerica,PWRBIOUSATX01,2049,1
NAmerica,PWRSPVUSATX01,2049,1
NAmerica,PWRHYDUSANY01,2049,1
NAmerica,PWRWNDUSANY01,2049,1
NAmerica,PWRBIOUSANY01,2049,1
NAmerica,PWRSPVUSANY01,2049,1
NAmerica,PWRHYDUSANE01,2049,1
NAmerica,PWRWNDUSANE01,2049,1
NAmerica,PWRBIOUSANE01,2049,1
NAmerica,PWRSPVUSANE01,2049,1
NAmerica,PWRHYDUSAMN01,2049,1
NAmerica,PWRWNDUSAMN01,2049,1
NAmerica,PWRBIOUSAMN01,2049,1
NAmerica,PWRSPVUSAMN01,2049,1
NAmerica,PWRHYDUSAAL01,2049,1
NAmerica,PWRWNDUSAAL01,2049,1
NAmerica,PWRBIOUSAAL01,2049,1
NAmerica,PWRSPVUSAAL01,2049,1
NAmerica,PWRHYDUSAMW01,2049,1
NAmerica,PWRWNDUSAMW01,2049,1
NAmerica,PWRBIOUSAMW01,2049,1
NAmerica,PWRSPVUSAMW01,2049,1
NAmerica,PWRHYDUSASE01,2049,1
NAmerica,PWRWNDUSASE01,2049,1
NAmerica,PWRBIOUSASE01,2049,1
NAmerica,PWRSPVUSASE01,2049,1
NAmerica,PWRHYDUSAMA01,2049,1
NAmerica,PWRWNDUSAMA01,2049,1
NAmerica,PWRBIOUSAMA01,2049,1
NAmerica,PWRSPVUSAMA01,2049,1
NAmerica,PWRHYDUSACA01,2049,1
NAmerica,PWRWNDUSACA01,2049,1
NAmerica,PWRBIOUSACA01,2049,1
NAmerica,PWRSPVUSACA01,2049,1
NAmerica,PWRHYDUSAFL01,2049,1
NAmerica,PWRWNDUSAFL01,2049,1
NAmerica,PWRBIOUSAFL01,2049,1
NAmerica,PWRSPVUSAFL01,2049,1
NAmerica,PWRHYDUSANW01,2049,1
NAmerica,PWRWNDUSANW01,2049,1
NAmerica,PWRBIOUSANW01,2049,1
NAmerica,PWRSPVUSANW01,2049,1
NAmerica,PWRHYDUSACE01,2049,1
NAmerica,PWRWNDUSACE01,2049,1
NAmerica,PWRBIOUSACE01,2049,1
NAmerica,PWRSPVUSACE01,2049,1
NAmerica,PWRHYDUSASW01,2050,1
NAmerica,PWRWNDUSASW01,2050,1
NAmerica,PWRBIOUSASW01,2050,1
NAmerica,PWRSPVUSASW01,2050,1
NAmerica,PWRHYDUSATX01,2050,1
NAmerica,PWRWNDUSATX01,2050,1
NAmerica,PWRBIOUSATX01,2050,1
NAmerica,PWRSPVUSATX01,2050,1
NAmerica,PWRHYDUSANY01,2050,1
NAmerica,PWRWNDUSANY01,2050,1
NAmerica,PWRBIOUSANY01,2050,1
NAmerica,PWRSPVUSANY01,2050,1
NAmerica,PWRHYDUSANE01,2050,1
NAmerica,PWRWNDUSANE01,2050,1
NAmerica,PWRBIOUSANE01,2050,1
NAmerica,PWRSPVUSANE01,2050,1
NAmerica,PWRHYDUSAMN01,2050,1
NAmerica,PWRWNDUSAMN01,2050,1
NAmerica,PWRBIOUSAMN01,2050,1
NAmerica,PWRSPVUSAMN01,2050,1
NAmerica,PWRHYDUSAAL01,2050,1
NAmerica,PWRWNDUSAAL01,2050,1
NAmerica,PWRBIOUSAAL01,2050,1
NAmerica,PWRSPVUSAAL01,2050,1
NAmerica,PWRHYDUSAMW01,2050,1
NAmerica,PWRWNDUSAMW01,2050,1
NAmerica,PWRBIOUSAMW01,2050,1
NAmerica,PWRSPVUSAMW01,2050,1
NAmerica,PWRHYDUSASE01,2050,1
NAmerica,PWRWNDUSASE01,2050,1
NAmerica,PWRBIOUSASE01,2050,1
NAmerica,PWRSPVUSASE01,2050,1
NAmerica,PWRHYDUSAMA01,2050,1
NAmerica,PWRWNDUSAMA01,2050,1
NAmerica,PWRBIOUSAMA01,2050,1
NAmerica,PWRSPVUSAMA01,2050,1
NAmerica,PWRHYDUSACA01,2050,1
NAmerica,PWRWNDUSACA01,2050,1
NAmerica,PWRBIOUSACA01,2050,1
NAmerica,PWRSPVUSACA01,2050,1
NAmerica,PWRHYDUSAFL01,2050,1
NAmerica,PWRWNDUSAFL01,2050,1
NAmerica,PWRBIOUSAFL01,2050,1
NAmerica,PWRSPVUSAFL01,2050,1
NAmerica,PWRHYDUSANW01,2050,1
NAmerica,PWRWNDUSANW01,2050,1
NAmerica,PWRBIOUSANW01,2050,1
NAmerica,PWRSPVUSANW01,2050,1
NAmerica,PWRHYDUSACE01,2050,1
NAmerica,PWRWNDUSACE01,2050,1
NAmerica,PWRBIOUSACE01,2050,1
NAmerica,PWRSPVUSACE01,2050,1
